Cycle,slope,intercept,Tavg,IR,chargetime,dQdV_max,dQdV_min,dQdV_var,RUL,SOH
1.0,0.0102085798312439,0.010488694470379504,32.04948863833333,0.017651217,10.105126666666669,-0.0887052389815661,-6.827107172363086,3.5650468325666638,467.0,0.9912196173306822
2.0,0.010113395198583619,0.010419108113443726,31.63171959883724,0.017624324,10.180821666666695,-0.1017109645428963,-6.760397398422871,3.49592765934515,466.0,0.9944522559053245
3.0,0.010183934548425883,0.010380794962867607,31.872206438297884,0.017648097,10.097465000000133,-0.10242980417064002,-6.803452958735644,3.5525090321690715,465.0,0.995952833911962
4.0,0.01033631437614579,0.010490695591661018,32.159023695435764,0.01754646,10.18083666666668,-0.09480534387212268,-6.779361955659473,3.6006001417659785,464.0,0.996920003694764
5.0,0.010020492476564342,0.010167219935377452,31.798184733613358,0.017549558,10.180583333333198,-0.10686584062720958,-6.458190610263557,3.426254913587513,463.0,0.9969090873466463
6.0,0.010078728528308047,0.010183090908647715,32.04458061258287,0.017457902,10.097340000000015,-0.10510296683662636,-6.735761628838865,3.5524993340475404,462.0,0.997556510761933
7.0,0.010231006509572576,0.010340540263148021,32.14925096652719,0.017382775,10.180688333333334,-0.1367112171203507,-6.933415708898692,3.6036511449246897,461.0,0.9980318850667156
8.0,0.010089404330113015,0.010250938900006343,31.723528448019916,0.01752748,10.097485000000113,-0.10486928998522055,-6.554786016271562,3.4725011930750043,460.0,0.997763921376169
9.0,0.010102733594098346,0.010209589380693216,31.999635180017258,0.017376665,10.097096666666523,-0.13444006187600763,-6.687960324380903,3.507566396853519,459.0,0.9982286592391958
10.0,0.010231452520645732,0.01034327006035,32.059848204081675,0.017341252,10.180809999999958,-0.13521651637010293,-6.721416941462376,3.596284254086998,458.0,0.9985162163750818
11.0,0.009928030098438985,0.010049657028511199,31.655206919758424,0.017465845,10.180679999999848,-0.10756250221196542,-6.7018695239177495,3.4590015048772127,457.0,0.9982220347886288
12.0,0.00995299993102339,0.01006114047736323,31.964329181281652,0.017283775,10.18050666666677,-0.10448415168158559,-6.559580631144745,3.46936868305834,456.0,0.9986371359234624
13.0,0.010053248771031293,0.010233294410546072,31.87953979668051,0.017230649,10.180638333333384,-0.10342188360978118,-6.81013416446649,3.4689503829335875,455.0,0.998784086763508
14.0,0.00989961434780157,0.010068496362964946,31.68029283221474,0.017428504,10.097250000000107,-0.13473709672043616,-6.659785436067709,3.392841929232494,454.0,0.9975512858431759
15.0,0.009920515432484464,0.010042457112965683,32.039855534883856,0.017299715,10.097061666666558,-0.10479166734909467,-6.753642228426095,3.438050926552125,453.0,0.9990015740067756
16.0,0.009926703042347598,0.010157285598073282,31.924143210657753,0.017259318,10.180559999999726,-0.1030666458246897,-6.844128637884752,3.454493267257055,452.0,0.9990154760227544
17.0,0.009948306899308073,0.010091188279622442,31.83480627085062,0.017367864,10.097090000000026,-0.10391995665634013,-6.737561911514562,3.4838974413534247,451.0,0.9990203277330291
18.0,0.010047139359326758,0.010214030068123346,32.149292309584396,0.017241443,10.097490000000107,-0.13539071078659523,-6.565235910374485,3.441807093958924,450.0,0.9992088913188907
19.0,0.009940341530381413,0.01017176125897686,31.886120887217924,0.017297722,10.180673333333592,-0.10932260895444686,-6.626890462436901,3.4392239334386834,449.0,0.9993449258108187
20.0,0.009991958963067035,0.010156321971913377,31.955534453310655,0.017338777,10.097228333333138,-0.10793373203109013,-6.556614750555594,3.4075476384104504,448.0,0.9993005140013826
21.0,0.010206311055974564,0.010392786371222684,32.170502519166774,0.017275253,10.180611666666907,-0.10714891127346043,-6.715915506043328,3.518627372877987,447.0,0.9994760152903516
22.0,0.010110217415540749,0.010393282457204944,31.871692274030277,0.017279895,10.09751666666707,-0.1388826939114472,-6.913663660943503,3.5142543912595894,446.0,0.9992019869619616
23.0,0.010026907862392308,0.010240899783734343,31.888710033927055,0.017364213,10.097568333333765,-0.135027415985266,-6.624019198682136,3.4450453394723177,445.0,0.9993185213106708
24.0,0.010051265664592716,0.0102332465851702,32.07690671522633,0.017278796,10.180663333333602,-0.13623301168497629,-6.628029526636526,3.4570309085472934,444.0,0.9994873981490724
25.0,0.009934051120283114,0.01019327874550819,31.648847717299553,0.01730708,10.097328333333037,-0.10462339728235519,-6.772567056608025,3.3991172819516593,443.0,0.9990554093303986
26.0,0.01001245399606901,0.010209409955257733,31.949275617161668,0.017296014,10.097574999999779,-0.09551878590478714,-6.511010742724297,3.4178280617771777,442.0,0.9995731427979626
27.0,0.009903959982526743,0.010074611546395523,32.17161718861514,0.017239496,10.097080000000036,-0.1451605547695466,-6.615298845768581,3.3850191639507536,441.0,0.9997297970585572
28.0,0.009925719456714244,0.010227411013418303,31.679480990082578,0.017452534,10.097420000000177,-0.13267816867106916,-6.624089088700126,3.381864286341453,440.0,0.999210757361304
29.0,0.01006133256552693,0.010342973092488791,32.0485829832775,0.017295392,10.09734166666652,-0.1347437748108789,-6.677391476785052,3.4490145583733756,439.0,0.9996028128723337
30.0,0.010163861103936621,0.010422239912718873,32.17139468473733,0.017301772,10.180703333333561,-0.13576754488135254,-6.58643933738898,3.4716648350100163,438.0,0.9997003135884275
31.0,0.009968249326599479,0.010278659071956499,31.786714664952846,0.017416753,10.097241666666621,-0.13368115347886092,-6.770066297407276,3.445666081611422,437.0,0.9992870784960071
32.0,0.009860329550089864,0.010135676361370811,32.1305641196293,0.017245514,10.097566666667019,-0.09977605011760753,-6.517316485748718,3.373051799987533,436.0,0.9996280977470337
33.0,0.01011757126061425,0.010537183400278368,32.02484019746834,0.017234718,10.097581666666763,-0.11575639165368357,-6.870103016363126,3.48983527112941,435.0,0.999604399008385
34.0,0.009797237172091605,0.010113280015151702,31.85911972198825,0.017403413,10.097408333332957,-0.10727231557180936,-6.653866248397307,3.359846284346792,434.0,0.9995246256952175
35.0,0.009983538096510917,0.010379620010690541,32.09138735229198,0.01722529,10.097369999999744,-0.09625341342458185,-6.606238587868443,3.3795500420226317,433.0,0.9995790208315644
36.0,0.00990098992277876,0.010341585990343601,31.92657639090142,0.017300442,10.180438333333102,-0.10535364693770452,-6.758604230323653,3.369873941437167,432.0,0.9997186941061984
37.0,0.009934481262023153,0.010317677402089219,31.853546235983284,0.017358864,10.180666666666609,-0.10597848948482749,-6.867803042921355,3.4283855628415285,431.0,0.9996570214044393
38.0,0.010158755978797408,0.010576824835238412,32.12910030859058,0.017267231,10.09738333333371,-0.09676391417998358,-6.635948563138569,3.454796686862383,430.0,0.999774302170114
39.0,0.00989548352342906,0.010292561486048592,31.99361747911347,0.017352363,10.097276666666827,-0.10687588902899331,-6.623834587374382,3.3608722492665137,429.0,0.9999853515670557
40.0,0.00998665930110273,0.010352003897968563,31.993201725738377,0.017366763,10.097208333333644,-0.10370052825042872,-6.589461605264925,3.369402463227658,428.0,0.999876188085879
41.0,0.00975726984052269,0.010048948782074426,32.23605002987559,0.017247275,10.097606666666495,-0.09205431152025362,-6.356117940819705,3.2806903464980426,427.0,1.0
42.0,0.009792988470968517,0.010255613460864227,31.791368525269263,0.017141469,10.097290000000308,-0.10359553531214262,-6.440637929802937,3.279673973871599,426.0,0.9993954955602184
43.0,0.009839286135382621,0.010255482584236749,32.042226285835355,0.017293235,10.180744999999781,-0.10730970444925958,-6.593652731568623,3.335138140264885,425.0,0.9997822328503705
44.0,0.00999252730190971,0.010464102262124096,32.18275245854485,0.017238958,10.100441666666788,-0.10746155341606733,-6.68485682216386,3.402563245660339,424.0,0.9997774744422165
45.0,0.00990575141423605,0.010447160913441327,31.777406946790556,0.017430291,10.180623333333642,-0.1035611572100474,-6.741353727943003,3.354697004899826,423.0,0.9992754157309242
46.0,0.010023465518632948,0.010521580545312503,32.12764814321607,0.017312927,10.097285000000072,-0.1352907716788852,-6.588631824122027,3.3819755254042447,422.0,0.9997014332138754
47.0,0.010163458393938993,0.01063428701676986,32.231222568369006,0.017319988,10.097551666666307,-0.10260486802364517,-6.751554744425829,3.490487847060031,421.0,0.9998558482235742
48.0,0.009864319692523481,0.010420362809346375,31.74536651386623,0.017460359,10.180766666666992,-0.10512151636687612,-6.504372682373116,3.2910859213109673,420.0,0.9993326099308911
49.0,0.009891800883912416,0.010404099059783935,31.972447515780747,0.017293436,10.097189999999925,-0.10649966647305698,-6.736142787733364,3.351696290935384,419.0,0.9996919163975677
50.0,0.010048720189951156,0.010605301414890746,32.036190917077256,0.01727749,10.180786666666487,-0.13524119688575803,-6.602170885135115,3.4014267541900303,418.0,0.9996948087633084
51.0,0.009782008942775684,0.010304602821136313,31.676911797219955,0.017427318,10.097073333333537,-0.10261021654869239,-6.406357503046432,3.240798672418144,417.0,0.9993857921396695
52.0,0.009732661684272234,0.010260355885839994,32.080700569009345,0.017246298,10.097668333333665,-0.0935521885834345,-6.4479139071309755,3.2337477164026076,416.0,0.9996461983584425
53.0,0.010011205482259243,0.010662499975137867,32.07068718918929,0.017227957,10.180554999999973,-0.13461801181100566,-7.0298258505225375,3.4684467191760717,415.0,0.9995535493526232
54.0,0.009888169301242694,0.010487148770437054,31.954912183946455,0.01744514,10.097206666665928,-0.10393793127076345,-6.668846442088968,3.340852763278181,414.0,0.9993968017899079
55.0,0.009872375368901197,0.010432381706549497,32.21761514285717,0.017270332,10.097471666666873,-0.11193958767302153,-6.467720076139303,3.278494920375207,413.0,0.9996318298318602
56.0,0.00958132363670213,0.010201105343973225,31.979085305785166,0.017263822,10.097506666667565,-0.11181245015501125,-6.30491216367418,3.15790911621071,412.0,0.9996318298318602
57.0,0.00978217631428243,0.010410903861755949,31.958081963713017,0.017353514,10.180529999999756,-0.10490073913383739,-6.36253543202078,3.214836787780548,411.0,0.9994887976808825
58.0,0.010049056626295209,0.01071330125486931,32.22537872147646,0.017260272,10.097310000000288,-0.13338150422029516,-6.624893236482892,3.390893323323872,410.0,0.9995367549709037
59.0,0.009801821861026142,0.010475493310225618,32.04936871523182,0.017335236,10.1807316666663,-0.13235023319502312,-6.368059006769643,3.2240094994793678,409.0,0.9996022530596098
60.0,0.009788874562100827,0.010425669797259176,31.935661474123616,0.01731335,10.180695000000803,-0.13456044148133475,-6.322661973136971,3.197143712836941,408.0,0.9995124031174104
61.0,0.009873434476285138,0.010540997991175166,32.06076843916669,0.017249757,10.097611666666731,-0.08847205951672689,-6.449841894598008,3.2558500159677366,407.0,0.9995203337976669
62.0,0.009760604495171967,0.010527660209122141,31.74707334172968,0.017304685,10.09717000000043,-0.10686808289346071,-6.471463159343219,3.240176176953196,406.0,0.99903311012356
63.0,0.009757588740156416,0.010446416927670139,31.919152920857396,0.017345078,10.097314999999556,-0.13317198995531573,-6.528589655121166,3.2240291962648024,405.0,0.9992711238333736
64.0,0.009924794837744173,0.01067579327429865,32.12819013720539,0.017259417,10.099834999999924,-0.10620957413945926,-6.622518258058433,3.3264803962758336,404.0,0.999336528619959
65.0,0.009747192327135192,0.01050270342902429,31.720126935940108,0.017478123,10.180876666667366,-0.10322312209304714,-6.406423307148515,3.2005440345209566,403.0,0.9989490449128419
66.0,0.00983892401721672,0.010528239444585983,32.102900805509215,0.017336776,10.097809999999784,-0.13448437380198378,-6.463797237805459,3.25552833525392,402.0,0.9993743159788279
67.0,0.009731545865855765,0.010572900243746401,32.24554218882302,0.017503519,10.097491666666853,-0.1345860368560606,-6.448661175656311,3.22479675090217,401.0,0.9994551156153227
68.0,0.009753895097462842,0.010523316920745453,31.796402303465786,0.017503519,10.096995,-0.13173629355577327,-6.469598868761607,3.2290145849399017,400.0,0.9989561358740123
69.0,0.009813550223185715,0.010565726967864075,32.189808259102506,0.017290697,10.097511666666666,-0.10486362915293203,-6.40181859765503,3.24443490655169,399.0,0.9992596476725318
70.0,0.010099932958590315,0.010917023176533727,32.20059929303117,0.017301191,10.180863333333354,-0.10011391356645018,-6.575437201280675,3.346238903150814,398.0,0.9992784013987852
71.0,0.00981986195801367,0.010636918391323417,31.79870657226407,0.017501354,10.18058000000001,-0.13240741866574426,-6.540163892456582,3.2522352728159802,397.0,0.99889539619346
72.0,0.009825551824412826,0.010608685009415931,32.17397449792525,0.017307773,10.09743833333335,-0.13369488983256128,-6.469833254007884,3.234193060239955,396.0,0.999130517537533
73.0,0.009786197708345708,0.010663961347109951,31.948646228896102,0.017289668,10.18083666666668,-0.10464790325677194,-6.455716372182416,3.212920157086171,395.0,0.9991355558520489
74.0,0.009762770971467605,0.010577611350365007,31.827681368510653,0.017432652,10.1809966666667,-0.13347794413922012,-6.240792687029733,3.178479612009622,394.0,0.9989627603245794
75.0,0.009650297334559708,0.010433236252744586,32.10784701332221,0.017270774,10.18039333333333,-0.09658426314697618,-6.227084486608947,3.1368131099482635,393.0,0.9990920770638196
76.0,0.009362918667466729,0.010168334145024606,31.939391752324568,0.017228188,10.097845000000053,-0.10403107424121746,-6.198353608404364,3.020440607926234,392.0,0.9990097845933938
77.0,0.00958128605272563,0.010391155364820074,31.93207083361341,0.017365735,10.180744999999904,-0.1338843352580084,-6.281049632480775,3.099829201964869,391.0,0.9989248796635899
78.0,0.009663425982574747,0.010535633403660986,32.25768037405859,0.017240947,10.097646666666696,-0.13436850663778804,-6.406320327288621,3.165968379418309,390.0,0.9989043531970438
79.0,0.00972445478811243,0.010673855020310267,31.999508112970783,0.017287489,10.097235000000001,-0.13102043288024962,-6.267577018483923,3.118875264967441,389.0,0.998794629903143
80.0,0.009780118990870832,0.010680418315452533,32.147772741496645,0.017337264,10.097501666666721,-0.13348201580680438,-6.385564576035187,3.1851734375498233,388.0,0.9988302713132365
81.0,0.00991937863424876,0.010829741434911158,32.252245366666756,0.017305136,10.097596666666748,-0.13245931308752543,-6.585971372834443,3.2538424085802964,387.0,0.9988748697269141
82.0,0.009730433136968128,0.01072725781040112,31.884005279766832,0.017329916,10.097878333333332,-0.1541289425449098,-6.345738079814487,3.1341857735274576,386.0,0.9983763564962068
83.0,0.009772943909972055,0.01072244965687274,32.0464529464435,0.017376076,10.18047666666668,-0.13201414190152488,-6.518746035673201,3.2124790799871925,385.0,0.998630044962292
84.0,0.009773663645096822,0.010704401294350985,32.15690669757727,0.017317191,10.18071666666668,-0.0942884403921027,-6.518728124297733,3.223606751791813,384.0,0.9986787486692784
85.0,0.009747605060106426,0.010757269191797442,31.782303380234428,0.01747244,10.180729999999919,-0.10505219438158561,-6.431209092887793,3.1753922640012906,383.0,0.9982583293135668
86.0,0.009673767245426795,0.01056905367813954,32.21436460447758,0.017372929,10.097300000000056,-0.13225474972617732,-6.370772229414172,3.144770193740988,382.0,0.9986427340507023
87.0,0.009502972505704381,0.010451407226973047,32.36129269140949,0.017191038,10.180636666666638,-0.11693845149483534,-6.3051381052364786,3.066672135692357,381.0,0.9985735038771696
88.0,0.009625257269562254,0.010634758658751109,31.930057631140695,0.017436784,10.096995000000122,-0.0937848468129148,-6.295289073416385,3.091754132034734,380.0,0.9981046607208334
89.0,0.0097282605506525,0.010761267987666991,32.2231010131688,0.017283946,10.097313333333295,-0.13357334757110173,-6.556944041401401,3.1869412623190354,379.0,0.9983797153725507
90.0,0.010141828437146698,0.011222326357244284,32.2750480706566,0.017321492,10.180784999999984,-0.10412847507972653,-6.758678122209353,3.368421863421915,378.0,0.998480668267109
91.0,0.009743304052503227,0.010808283882119804,31.924280945878493,0.017456325,10.097176666666686,-0.10431200303399965,-6.444413410503674,3.1718026793328216,377.0,0.9980736844167731
92.0,0.009849569337276176,0.010859327909274786,32.25569703186903,0.017355261,10.097425000000174,-0.13237143382519675,-6.3184762327176545,3.206434240473421,376.0,0.9983369830012867
93.0,0.009168628508293608,0.010116283072713051,32.04803961675128,0.017248701,10.18060666666667,-0.09627841123394212,-5.934169115827368,2.8763967400425456,375.0,0.9983353035631146
94.0,0.009621554252899615,0.010671962493311385,31.927399714406047,0.017435661,10.097326666666778,-0.13197322812387732,-6.2896647283199725,3.0849330749400683,374.0,0.998036176964266
95.0,0.009589707016540246,0.010632094680653235,32.27199139831936,0.017295124,10.0975016666666,-0.13992572667531403,-6.287109520090664,3.0738730412193003,373.0,0.9981096990353493
96.0,0.009395945950385995,0.010479299942074393,31.93145009443504,0.017279906,10.097436666666665,-0.13108312063140876,-6.22202140328686,2.9744503660297386,372.0,0.9978989295447696
97.0,0.009547205603154132,0.010595674745882579,31.960324517931603,0.017341344,10.097220000000137,-0.09159338203449975,-6.209838515979431,3.0752292060963637,371.0,0.9979594826210806
98.0,0.0095493204393314,0.010636308211995522,32.28260211101695,0.017236579,10.097218333333391,-0.1343482687792189,-6.2322720294617096,3.0496115969168867,370.0,0.9979308388700365
99.0,0.00962601234388239,0.010869581309636498,32.01351674251502,0.017267585,10.180811666666704,-0.1300404172280084,-6.371745154916978,3.061908084836091,369.0,0.9976457075892878
100.0,0.0097534878082443,0.010929925463559927,32.14747113815791,0.017357314,10.097295000000061,-0.139765627968395,-6.4363163644302235,3.188262774142809,368.0,0.9977324785615052
101.0,0.010027650772067524,0.011216551648313453,32.37110614738639,0.017380817,10.180661666666856,-0.13068299623949658,-6.489352196210327,3.2677154928875427,367.0,0.9977898593657135
102.0,0.009601940710492123,0.010794139582654112,32.01103040067343,0.017357951,10.097336666666767,-0.12885726699952912,-6.254988969203677,3.063926537561257,366.0,0.9972687670218056
103.0,0.009582486330184837,0.010706004678513712,32.20766800424451,0.017323723,10.180331666666705,-0.09385639517843451,-6.2737946381391305,3.050184295891849,365.0,0.9975783434581685
104.0,0.009608397808718581,0.010779067986715981,32.29933172704297,0.017264705,10.097386666666717,-0.1328566020242136,-6.289667434889443,3.07337173181854,364.0,0.9975505394262105
105.0,0.009548121263539596,0.010791482603335616,31.900476613522528,0.017491309,10.182446666666268,-0.09371184255605663,-6.283019066541594,3.0205139269144867,363.0,0.9970279542483721
106.0,0.009685319427524508,0.010911053598373592,32.210088621598764,0.017313151,10.097126666666494,-0.13356637197044924,-6.3796738207759685,3.1071808749949623,362.0,0.9973429422077333
107.0,0.009853534707920568,0.011075050425331976,32.29135753177257,0.017336963,10.097338333333028,-0.1298512679790692,-6.276455366997144,3.146085434133947,361.0,0.9974281270438995
108.0,0.00947762000115389,0.010719748938677243,31.82692550781893,0.017450674,10.099831666666432,-0.12973812803976156,-6.23143645900311,2.978444578851997,360.0,0.9969220563414185
109.0,0.00956749113298399,0.010832703624789664,32.071927493887515,0.017315995,10.097673333332931,-0.1321765527270392,-6.361285086505759,3.0531654919882025,359.0,0.9970480142043148
110.0,0.009813343676307403,0.011176148942843186,32.146878811016926,0.017344791,10.182038333333427,-0.13082472835324255,-6.400518132940235,3.151491921731932,358.0,0.9970916795967855
111.0,0.009655304121082191,0.010949444269236592,32.03538153553296,0.017484557,10.101251666666455,-0.10707762141939615,-6.333222228482084,3.069813768032343,357.0,0.9968928527776508
112.0,0.009605690220046023,0.010798258147503875,32.32866429104478,0.017345356,10.180665000000348,-0.09009529875609226,-6.297950929365629,3.0531626969451686,356.0,0.9971900200319652
113.0,0.009118394399807545,0.010304592327027037,32.23236587319148,0.017205561,10.097158333333208,-0.09536605428223546,-5.95869529473922,2.826924864832605,355.0,0.997119856837226
114.0,0.009451807522386117,0.010722411909837998,32.04429672877174,0.017377231,10.184054999999837,-0.09496967373979048,-6.087214283789615,2.961063443241656,354.0,0.996794792248833
115.0,0.009613289493465875,0.010960644243556287,32.33046199577708,0.017234951,10.181859999999869,-0.08789493708623623,-6.269739449803891,3.056587922981814,353.0,0.9967276147219549
116.0,0.009544062701556407,0.010941228951956284,32.13186876112025,0.017385576,10.181876666666843,-0.09261456495786753,-6.120713074024692,2.976499686484178,352.0,0.9968002037718315
117.0,0.009617310704195671,0.01096954382917239,32.087981207531406,0.017424483,10.101066666666885,-0.09464829769414505,-6.3541155491234385,3.061968294555513,351.0,0.9965410104806272
118.0,0.009640347351222057,0.010975638895449561,32.32304315820145,0.017327581,10.09941000000011,-0.1305278977871387,-6.131876521621649,3.027840853585551,350.0,0.9966042693184374
119.0,3.170082338800706e-06,-2.960186900348024e-11,32.71134420529802,0.017289577,15.01418833333349,-1.9297409320393784e-05,-5.758439291718703e-05,1.2308008890000766e-10,349.0,0.9960043366825685
120.0,0.009535224835007485,0.010902236437264281,32.18605646778247,0.017319499,10.100798333333417,-0.13057551225097547,-6.1439069014354,3.001239807834718,348.0,0.9963168987867925
121.0,0.00963966490710798,0.011041404890087779,32.18927376284245,0.017303472,10.099651666666613,-0.13044403091150067,-6.260461686630913,3.036221762557853,347.0,0.9962750994367352
122.0,0.00950717215569596,0.010958963231496184,31.93078954173491,0.017464956,10.101288333333407,-0.12798206068106519,-6.32361858489549,3.00079812985896,346.0,0.9958205315048606
123.0,0.009486348881650224,0.010862079836983249,32.257973913333316,0.017319454,10.100901666666322,-0.09830913799856887,-6.137804584908602,2.9700412420833295,345.0,0.9960933469056819
124.0,0.009626339265050696,0.011080570276877354,32.30784375126051,0.017297197,10.101356666666591,-0.12985704773820822,-6.317041930926888,3.040073060874926,344.0,0.9960128271755488
125.0,0.00945826024664512,0.010925530170636183,31.921154074135053,0.017479632,10.189661666666506,-0.10691779531606316,-6.226055571771569,2.977189661830715,343.0,0.9955387591004556
126.0,0.00966943298357486,0.011141022912732775,32.350921738842935,0.017310902,10.186046666667002,-0.09838560160825022,-6.38165790794406,3.0776777106307422,342.0,0.9957238705078527
127.0,0.00987977323193881,0.011402282555465427,32.34466043366505,0.017378237,10.100800000000163,-0.12863604324329475,-6.329616503775317,3.1275400694032394,341.0,0.9958038304252618
128.0,0.00959099546363545,0.011073024274337569,32.05476105173885,0.017457929,10.104841666666713,-0.1289346337949115,-6.213860679721088,2.990175602672891,340.0,0.9954643973102864
129.0,0.009502267111178039,0.010949019010196605,32.26636849834439,0.017326657,10.185638333333676,-0.08963039977983928,-6.076765980464618,2.9483210437657132,339.0,0.9955582592436744
130.0,0.009148083723405942,0.010581037465657098,32.165242645161285,0.017284742,10.102051666666618,-0.08906100027202794,-5.9276856881557825,2.7958442129267675,338.0,0.9955225245314602
131.0,0.009344455108198261,0.010811213345831067,32.10568195183676,0.017356724,10.189106666666824,-0.13098810434868507,-6.1221525885631385,2.904285096629746,337.0,0.9953338676434775
132.0,0.009468914486317023,0.011022091506477807,32.308160361792105,0.017222488,10.104426666666889,-0.13103980764184092,-6.221405146891712,2.9458251741968398,336.0,0.9952479363903461
133.0,0.009332103037186975,0.010879330941164486,32.06952862573097,0.017259339,10.10535333333343,-0.12778183854003713,-5.990177400655645,2.8569907347052923,335.0,0.995135787241308
134.0,0.009287821267959821,0.010753450828536338,32.204837966935386,0.0173623,10.189120000000306,-0.09857886124676528,-6.186882381251649,2.903283008694881,334.0,0.9950924017551995
135.0,0.009522210792899458,0.011121373148429377,32.370877918418884,0.0172427,10.188370000000093,-0.10314338690453254,-6.3170008664354675,2.9856648557291376,333.0,0.9950038580426893
136.0,0.009428375905930412,0.011105098624376152,32.09535016023496,0.01738104,10.105138333333404,-0.12745538637654047,-6.105554915545593,2.9118212254504456,332.0,0.9948062441511232
137.0,0.00949262881264216,0.011106011336337287,32.131047571078426,0.017370798,10.190773333333588,-0.12855384595476446,-6.181811848946107,2.9701239422712375,331.0,0.9947298297142996
138.0,0.009636989976577456,0.011247836148956922,32.325246409317764,0.017323583,10.105503333333278,-0.09893779349309154,-6.236338645708776,3.0070807446572094,330.0,0.9947936483648337
139.0,0.009420926680420499,0.011097136904352973,31.929531620689655,0.017405275,10.103183333333194,-0.09660116536865668,-6.001810372621741,2.8776170982395657,329.0,0.9943020394910556
140.0,0.009458036149621794,0.011036505924312242,32.2808656397985,0.017319892,10.106064999999944,-0.09247134338190358,-6.174590233496585,2.943840700058112,328.0,0.9945985536305255
141.0,0.00933633160348408,0.010889504945336454,32.38700178735631,0.017252274,10.104849999999471,-0.1299070192457283,-5.96340874657192,2.878811872423436,327.0,0.9945887569078556
142.0,0.009351941557536277,0.011051501313342984,31.831878347429452,0.017484365,10.110536666666546,-0.09791745812867178,-5.955119991009709,2.859763687973178,326.0,0.9938524165715762
143.0,0.009437605089501467,0.011086659332261248,32.14439693472804,0.017355366,10.108303333333849,-0.08754385474075384,-6.115534698354113,2.925854091339693,325.0,0.9940832460180987
144.0,0.009460959921768616,0.011101979235110705,32.274988095000026,0.017278558,10.189610000000297,-0.1305139773785332,-6.083265408908739,2.925541556958243,324.0,0.9941970746053087
145.0,0.009342508043250068,0.011011794942931238,31.89801834786246,0.017446728,10.111863333334137,-0.135730644287255,-6.125320018547107,2.870538358888384,323.0,0.9936744894274702
146.0,0.009363757363330978,0.01103680910267681,32.376308967661735,0.017261922,10.19090000000045,-0.1291514217049409,-6.071246623989884,2.8721250713915434,322.0,0.9938902039304451
147.0,0.00955068058314674,0.011350638968752791,32.32896449332226,0.017242886,10.108339999999346,-0.12989043691075222,-6.194383799754768,2.9525198795997514,321.0,0.9937936362355579
148.0,0.009361049421096,0.011085981297712214,32.11610186048456,0.017445082,10.196831666666549,-0.12831005516632724,-6.205598014076933,2.8986064684924058,320.0,0.993496562283364
149.0,0.009451261207837154,0.01120140561221015,32.44535524224639,0.017272687,10.192285000000265,-0.0943438592573856,-6.230803614153924,2.9227640357479006,319.0,0.9935901443103898
150.0,0.009171478907680329,0.01093370930115789,32.2898279520662,0.017312402,10.192675000000357,-0.12745304590887374,-6.068780769541312,2.7813932999961413,318.0,0.9935112107163083
151.0,0.009285524429123735,0.010955172127980745,32.3071091628498,0.017333791,10.1118583333339,-0.09365944614526299,-5.963523417137805,2.8365661397856217,317.0,0.9933409343460967
152.0,0.009198590452061143,0.010914452169895079,32.526285128053885,0.017225871,10.10906000000056,-0.09495739261095688,-6.041441396221165,2.8031967784849536,316.0,0.9932537901653965
153.0,0.009297049449058792,0.011131859415686403,32.15928690460262,0.017202113,10.1114400000001,-0.1255336110683079,-6.018719238035581,2.818619713262195,315.0,0.9929730440843191
154.0,0.009290372599265998,0.011053881827046422,32.28292070000002,0.017319333,10.112363333333633,-0.1352080466834463,-6.02794552571539,2.830042876350289,314.0,0.9929673526549585
155.0,0.00939800107676075,0.01121446152471841,32.48492111000825,0.017246077,10.194713333333492,-0.12890488802603828,-6.294063151008467,2.9223336738114956,313.0,0.9928956033241679
156.0,0.009237899400468399,0.011092599741026152,32.053505762384525,0.017352577,10.19514499999932,-0.08941065105199325,-6.158946939256815,2.816826434172252,312.0,0.9923760038141906
157.0,0.009275687101829468,0.011075218584515304,32.23455489377591,0.017318349,10.198018333333312,-0.12873273024857276,-6.110116275827236,2.834125750851834,311.0,0.9927048937895309
158.0,0.00944315136294362,0.011325644850401691,32.434462602819174,0.017279699,10.113601666667575,-0.09017494074558464,-6.169656924323902,2.8904778962519493,310.0,0.9925648473064144
159.0,0.00932371988667702,0.011235204041159762,32.14092021812081,0.017471353,10.19739333333273,-0.12692762351552758,-5.960662350429072,2.808951422785295,309.0,0.9921583299666819
160.0,0.00929451393257375,0.01113458153431341,32.366194405228704,0.017323952,10.19724166666662,-0.12908666430236734,-5.930939677490219,2.8206175808687846,308.0,0.9923313120983926
161.0,0.009347079760451888,0.011201584904971394,32.43434558793108,0.017274866,10.196729999999905,-0.1290089807860975,-5.933373599141839,2.8123707176053423,307.0,0.9923680731339343
162.0,0.009186597029379963,0.011050938926033817,32.00186219336097,0.017432278,10.204099999999745,-0.0855814441957819,-5.933911155951997,2.760953968697296,306.0,0.9917497599802945
163.0,0.00923425256635326,0.011112448492473679,32.30004617555375,0.017270748,10.198494999999335,-0.1285854829119401,-5.994242151712832,2.7824813307915277,305.0,0.9919068807514925
164.0,0.009448398302416125,0.011436961172846823,32.2944380461409,0.017267022,10.200113333333865,-0.13491616981712742,-6.156653527476395,2.8967777387838263,304.0,0.991802942189073
165.0,0.009248993810977177,0.011184832201499465,32.0459675756337,0.017447639,10.205968333332567,-0.12771227473136834,-5.987056412094013,2.7812584426119407,303.0,0.991457910946858
166.0,0.009264566727248326,0.011191939120311037,32.46800906425046,0.01724983,10.199551666666714,-0.14204342961659264,-6.015047656210789,2.7992217042688052,302.0,0.9915734189722397
167.0,0.009209534483623437,0.011226194036930147,32.364765967186194,0.0172711,10.200516666665983,-0.0903220713746398,-6.055027531723474,2.7980393957614274,301.0,0.9915452417317994
168.0,0.009183850143719158,0.011137113370153072,32.121024157331064,0.017407145,10.20654500000043,-0.12742922496613776,-6.04869174623087,2.7724540827588458,300.0,0.9911755787297288
169.0,0.009277905216433345,0.011270922738471165,32.29978121177422,0.017252326,10.20654500000043,-0.1275834377590269,-5.984344222031014,2.798308163727117,299.0,0.9911822031802962
170.0,0.009194536708873303,0.01125537864423233,32.146293737959155,0.017299978,10.119983333333327,-0.13208791382863452,-5.959884641202908,2.745650434159014,298.0,0.9909915869477797
171.0,0.009295791900283849,0.011285254814001597,32.220402486215534,0.017374957,10.206076666666664,-0.08777792443773136,-5.9201366551193395,2.800984232819699,297.0,0.9909347659562954
172.0,0.009410885730400389,0.011425786194893327,32.46035202653399,0.017313678,10.11933666666667,-0.09523031702411217,-6.015676413911936,2.8461777683433747,296.0,0.9909316869863135
173.0,0.009185673017235626,0.01130520629416748,32.18589840100254,0.017348293,10.117488333333343,-0.1237699434705152,-6.003359617701466,2.7412758478408645,295.0,0.9903781255044146
174.0,0.009297161015057655,0.011323730191845597,32.49129600653057,0.017316893,10.207154999999997,-0.12761980266818634,-6.150549517015496,2.826102896550582,294.0,0.9905294615441314
175.0,0.009455403590384395,0.01150942288490636,32.60619777941178,0.017311322,10.204356666666657,-0.08993895078102736,-6.0829903163546515,2.8867136429324023,293.0,0.9905220906765989
176.0,0.009216943705487247,0.0113303036453981,32.27150038930045,0.017385948,10.20068666666666,-0.12499417138359468,-5.909216831498896,2.759437917460759,292.0,0.9900155534635147
177.0,0.009141214778872893,0.011145557565047726,32.42360830268516,0.017325735,10.205686666666649,-0.12714770594801908,-5.853878082930564,2.7168135979951775,291.0,0.9902209114310959
178.0,0.009082883001191316,0.011084375225202869,32.54450587766834,0.017256044,10.205088333333332,-0.08812036955099499,-5.910333831768835,2.7062571682981242,290.0,0.9901532673936146
179.0,0.009102535341643379,0.011219010377935396,32.106442146039655,0.017474487,10.216806666666647,-0.09024577456781645,-5.8560582062677184,2.7125618952137933,289.0,0.989570688952189
180.0,0.009200277521833144,0.011316371942414668,32.33321601433389,0.01731663,10.211724999999934,-0.08698998560049995,-5.869912327267134,2.7293865186286634,288.0,0.9897495491175018
181.0,0.009420237003156917,0.011634615605903868,32.31943042660173,0.017348334,10.12854166666669,-0.0877962756958501,-6.1845510744795025,2.8518781000717564,287.0,0.9896488761293055
182.0,0.009176546598239438,0.011357762218325344,32.06942366639403,0.017477805,10.217730000000058,-0.09684433345195145,-5.927563678054574,2.745931694544396,286.0,0.9892795863357178
183.0,0.009314176701393676,0.011481381176510926,32.45503853871775,0.017339814,10.21239666666673,-0.12534693781333522,-6.0221704726762795,2.8137910770233923,285.0,0.9894053575943726
184.0,0.009140739777286414,0.01128205226984135,32.413511183823516,0.017343357,10.208000000000053,-0.08933538076486859,-5.741520639701598,2.6899460542064086,284.0,0.9894524751653081
185.0,0.009232907009451998,0.01146783179990145,32.20894993120399,0.017465267,10.218855000000016,-0.12387459721240934,-6.192778355657234,2.8047327715921484,283.0,0.9889691701802691
186.0,0.0094121336677785,0.011657540172357476,32.514390791836746,0.017379165,10.214731666666678,-0.09047979409396406,-5.99968639002984,2.8317105873554524,282.0,0.9890640584369841
187.0,0.008952036858968514,0.011095459256126212,32.345127738271515,0.017370073,10.209183333333325,-0.08816562309812992,-5.767092970943312,2.609043072462925,281.0,0.989061352675485
188.0,0.009143187013320647,0.011315960151259432,32.4269516539398,0.017414881,10.135263333333326,-0.08755230821705168,-5.868520047423919,2.714599592560056,280.0,0.9887528025624494
189.0,0.009130825569686555,0.011289901222635687,32.52279605037164,0.017294917,10.213556666666651,-0.12712346089023818,-5.903288518257286,2.7096120012287725,279.0,0.9886779742616769
190.0,0.009102235533627578,0.01139709988990812,32.17732167786889,0.017272577,10.129594999999972,-0.08897594602111546,-5.85786293471262,2.6771825395352797,278.0,0.9882789210915974
191.0,0.0092620005037344,0.011538956360343062,32.46632270525458,0.017303701,10.218043333333238,-0.1456950791780413,-5.883049537576266,2.731202394019715,277.0,0.98841840776199
192.0,0.0093676287070373,0.011694807375204808,32.58882211376766,0.017360533,10.214860000000044,-0.0850643035141911,-5.942831682508824,2.779294780745108,276.0,0.9871926045007076
193.0,0.009061532205356614,0.011352635817461562,32.15237003966938,0.017278902,10.126516666666673,-0.12459746900316003,-5.775227018746918,2.6465131235688943,275.0,0.9877243332863712
194.0,0.009081053764601539,0.01128782643814679,32.36800157445081,0.017343346,10.219501666666718,-0.08148815490050558,-5.867907668136979,2.6738233819055996,274.0,0.9879551627328936
195.0,0.008947252781402031,0.011107947378841175,32.50747750570963,0.017267007,10.217048333333514,-0.08977056887106323,-5.717791680556993,2.6209626352714377,273.0,0.9878864923720851
196.0,0.009062236804569348,0.011429429729503865,32.03197577874692,0.017548662,10.230581666666694,-0.08905872109223437,-5.8741549243969065,2.6535305770663813,272.0,0.9871787957868493
197.0,0.009129778828777201,0.011428972176302319,32.47465461834555,0.017345851,10.224026666666516,-0.12609743798567286,-5.92384677700515,2.7110853275735245,271.0,0.9874442403201381
198.0,0.009232826445324353,0.011483674829313598,32.68384696125307,0.017353244,10.138405000000057,-0.1256598046213124,-5.823495516277917,2.7239705586299365,270.0,0.9874685921736316
199.0,0.009068367363073211,0.011428098961186602,32.19114931600009,0.017489428,10.151594999999846,-0.1233403424751554,-5.793267743016769,2.6592155696003204,269.0,0.986844680892752
200.0,0.009107926872198822,0.011423434436669062,32.52046379036148,0.0173424,10.225131666666615,-0.08618865395651037,-5.790580758633767,2.669703087158781,268.0,0.9870271798407706
201.0,0.008884542147312971,0.011086776667863358,32.50879903135317,0.017288882,10.13791666666657,-0.12647060986044242,-5.59932021622482,2.570173735395044,267.0,0.9869899522946257
202.0,0.00911501678434402,0.011512063160976879,32.207381286293575,0.017473929,10.232303333333402,-0.08728189088119091,-5.78724766964778,2.6748177419417796,266.0,0.9865337982266998
203.0,0.009104104589425588,0.011432539009652984,32.51875290394083,0.017368456,10.225074999999924,-0.08672115216685372,-5.727024922379716,2.6462792133243203,265.0,0.9866255142113125
204.0,0.008617283017411298,0.010879869487590422,32.368934047923275,0.017269332,10.137671666666574,-0.08727290568513377,-5.446285882046818,2.439444220784811,264.0,0.9865104726965339
205.0,0.00897560642922051,0.011369322589517863,32.28841974394194,0.017427672,10.238020000000203,-0.12341907754040607,-5.846344506479774,2.6286216967451357,263.0,0.986144821685652
206.0,0.008972793029550353,0.011361887759973405,32.57630355368585,0.017317181,10.23117000000008,-0.09177038180753079,-5.757645469283462,2.6065463026899933,262.0,0.9861268143763638
207.0,0.008878043146786876,0.01130810887511719,32.4138576677367,0.017293781,10.232288333333175,-0.08946421028339019,-5.695626333328147,2.5572960507346902,261.0,0.9858574511540071
208.0,0.009054454581102857,0.011476723893018981,32.46289551000812,0.01743458,10.155465000000065,-0.12484748203265258,-5.814284462633315,2.6209797982692145,260.0,0.9857596705315514
209.0,0.008919897975007302,0.011255653405433039,32.668319639000735,0.017317699,10.231848333333135,-0.12565210438669583,-5.624992977010122,2.5725080714569244,259.0,0.9857060218121697
210.0,0.008841755462898912,0.011344764020784612,32.34563967359993,0.017175712,10.230228333333313,-0.09141442907771259,-5.689195552352284,2.5331462654087917,258.0,0.9851205510050037
211.0,0.00898608152149168,0.011485668116948547,32.49668335478679,0.017339749,10.2421716666664,-0.09221237084125058,-5.7960054928790115,2.60653983298792,257.0,0.9852184249295801
212.0,0.009188549624149984,0.011710476624980988,32.59098187955631,0.01736618,10.159390000000228,-0.1241278921638807,-5.907950695540107,2.7123002166368035,256.0,0.9851574986447866
213.0,0.009012072154337577,0.011605570015750213,32.352014018003295,0.017448772,10.231528333333456,-0.0872713960547927,-5.803903407455773,2.6173498325627844,255.0,0.9846385522496539
214.0,0.009020798271098808,0.011486257608748085,32.60278877350788,0.017384622,10.158530000000125,-0.12461952768435394,-5.760697584794132,2.604222279278155,254.0,0.9848844033376035
215.0,0.008668305911184221,0.010987583945097554,32.77204917067311,0.017281316,10.234209999999925,-0.09178214477790655,-5.573317564142529,2.474196329768714,253.0,0.9848143334449848
216.0,0.008965316300260973,0.01154223209538813,32.188103146666755,0.017505061,10.257385000000067,-0.09004364160755884,-5.692428789048452,2.574846091567094,252.0,0.984078926129912
217.0,0.008826413186098364,0.011275574924397888,32.45108411129037,0.017334156,10.244570000000143,-0.1266215736197716,-5.66267861083042,2.5274925653276004,251.0,0.9842825113572006
218.0,0.008768044961273399,0.01126261064673077,32.5188259196428,0.017257931,10.243608333333395,-0.125704728962801,-5.723248564636364,2.518623309283014,250.0,0.9841272566284158
219.0,0.008827152656177612,0.011377318670419431,32.19546763665589,0.01743258,10.257474999999976,-0.0885766445946583,-5.57217477004589,2.5094306837516838,249.0,0.9836654111311296
220.0,0.008855556939808225,0.01134626764225379,32.628206980408216,0.017346514,10.1640466666664,-0.09138896388733643,-5.728933870884788,2.547471194248645,248.0,0.9838160007538812
221.0,0.008837686110863885,0.011487527194605645,32.54215090894175,0.017250385,10.24836166666646,-0.09120861882640209,-5.725636083050997,2.5340140889933904,247.0,0.9835751879804475
222.0,0.008933058618839557,0.011558864282556541,32.44820650471703,0.017464684,10.177493333333405,-0.12264785872408869,-5.73323916870875,2.557312814807913,246.0,0.9832736355264619
223.0,0.00884097342081733,0.011379025758141202,32.71377946282975,0.017349396,10.16689666666692,-0.09422726605501522,-5.588125441139206,2.5221033595919615,245.0,0.9833166478040879
224.0,0.008592858614902674,0.011160642585504537,32.532842346431465,0.017242365,10.165780000000087,-0.09494038522037454,-5.53194985983844,2.4087165722693538,244.0,0.9831170745679877
225.0,0.008813098128105242,0.011422355464519087,32.47725528334646,0.017402468,10.178985000000102,-0.09039064827021663,-5.654682917935058,2.5073934238241833,243.0,0.9828252255345512
226.0,0.008889264510945133,0.011548776953880235,32.63631165285382,0.017342189,10.258034999999897,-0.08871008498749967,-5.688723689249408,2.5387042390216656,242.0,0.9827043059861708
227.0,0.008956878621034859,0.011755045092660078,32.401427211164986,0.017354256,10.258996666666643,-0.12205216119543358,-5.723118523078307,2.5483265810476836,241.0,0.9823957558731351
228.0,0.008928470413363032,0.011622645930355809,32.457132811965806,0.017443243,10.265508333333612,-0.12319638512721667,-5.6290023324302245,2.5495896767016215,240.0,0.9823262457932406
229.0,0.008812115590413878,0.011400589448798125,32.693994659777466,0.017365964,10.257856666666338,-0.122755934449102,-5.598536143085571,2.49864651528933,239.0,0.9822932168425256
230.0,0.008801350300740496,0.011587735325233845,32.384353285243236,0.017208286,10.254539999999785,-0.12142579707830688,-5.678354650530274,2.4797443021726475,238.0,0.9816366498194138
231.0,0.008880255323634269,0.011581691997519175,32.64386326977854,0.017386194,10.184838333333028,-0.09213784457079974,-5.8565740232754235,2.570485726753918,237.0,0.9818183090483464
232.0,0.008750475145686764,0.011384975581954343,32.81490797541634,0.017326122,10.260896666666667,-0.088063725094276,-5.572243001461807,2.4757004066496844,236.0,0.9817674593925845
233.0,0.008804232348963428,0.011585028049794435,32.34614378640004,0.01746111,10.267931666666604,-0.13060187679718674,-5.62978213633968,2.4798382374842816,235.0,0.981108839722818
234.0,0.008670836815985829,0.011304535381563684,32.76675363564663,0.017350342,10.264944999999717,-0.14606164620228218,-5.537862378386854,2.421980319907368,234.0,0.9813381763354099
235.0,0.008662252994142638,0.01138728478794338,32.79280745236195,0.017224528,10.267038333333039,-0.08669380415877807,-5.543031166221848,2.4365759397885958,233.0,0.9811071602846461
236.0,0.008815950646565237,0.011654617967060086,32.371912765079344,0.017512145,10.289096666666834,-0.09071727184670811,-5.775566832417402,2.5142957399348522,232.0,0.9804919261009883
237.0,0.008890703208968915,0.011741165299536347,32.71683980141282,0.017360691,10.191076666666778,-0.08767235565033026,-5.6558940347852955,2.518102330437378,231.0,0.980676570997782
238.0,0.009134446659751107,0.01203509220995527,32.73381452063489,0.01739634,10.273733333333318,-0.12218293802863005,-5.754117213342267,2.6088904469313783,230.0,0.980627494082313
239.0,0.008765450679083775,0.011617517918161567,32.27307420158105,0.017508818,10.201726666666703,-0.14376322167283068,-5.633182537278138,2.450722334779471,229.0,0.9799901472960578
240.0,0.00866162264481298,0.011428146650377637,32.646832306464525,0.017366383,10.193369999999899,-0.129576068184017,-5.5743100688525375,2.42013081310711,228.0,0.9801188109204533
241.0,0.008600466715793953,0.011453730703092541,32.471422208043265,0.017287008,10.280158333333384,-0.08701863951546734,-5.589149483054092,2.4032975370915626,227.0,0.9798244427297588
242.0,0.008756301913393626,0.011636590680024858,32.248527068992225,0.017468147,10.295719999999953,-0.12190415766790706,-5.602664244560405,2.4505229404686757,226.0,0.9795238232969796
243.0,0.008859602915338355,0.011784981441799779,32.61752250196385,0.01736757,10.203406666667433,-0.08496074743441767,-5.677504590726652,2.4989878116451543,225.0,0.9794802512066296
244.0,0.008666765520373416,0.011636533211683309,32.36626464329744,0.017408688,10.286580000000928,-0.12047078709548885,-5.506246348567681,2.3892836734228786,224.0,0.979380231333278
245.0,0.008746010244463791,0.011632451100173821,32.42555229452574,0.017493058,10.21477166666688,-0.12139002343125978,-5.559143939434869,2.433401971551113,223.0,0.9790470494603872
246.0,0.008601576180231364,0.011436664303624064,32.84986763492068,0.017332649,10.285771666666067,-0.08783143102326095,-5.464300784423615,2.3866594901794964,222.0,0.9789604650924111
247.0,0.008672784481771492,0.011669844430633408,32.56227726104102,0.01723507,10.209540000000077,-0.08871141292597334,-5.538147546662972,2.411344514220339,221.0,0.9785600123905215
248.0,0.008935898310346089,0.011961790523349456,32.68706875905639,0.017437166,10.299598333333657,-0.08121543404190389,-5.811859832207147,2.5659477644640396,220.0,0.9801583710196149
249.0,0.009005873234029186,0.011866184539773773,32.82604247607836,0.017421475,10.298190000000371,-0.12063779303245492,-5.668211990781752,2.5523998753566532,219.0,0.9789361132389177
250.0,0.008438814269501826,0.011204563875156746,32.61647123301742,0.01728498,10.198430000000128,-0.08994557661757552,-5.335163112337872,2.3247895570792214,218.0,0.9786537810217888
251.0,0.008789486207204364,0.01170781603172369,32.445386612752785,0.01744985,10.309560000000056,-0.12230437847792545,-5.584572917680687,2.4675289360461314,217.0,0.9781635716798207
252.0,0.00872814469542962,0.011562850866718313,32.750408585308044,0.017339576,10.294133333333109,-0.12293313197726212,-5.522690337308229,2.432084979142146,216.0,0.9781132818367827
253.0,0.008592535814623766,0.011484210039290827,32.43642079937304,0.017251328,10.290668333333452,-0.13553507199316717,-5.560647538478163,2.381269418715239,215.0,0.9777760879727035
254.0,0.008895063695479885,0.011906510523077701,32.46936327586202,0.017458856,10.30868166666672,-0.0828544575180026,-5.611752926117184,2.485254580659514,214.0,0.9775221196002563
255.0,0.008768354178796723,0.011627138715873632,32.77629087227412,0.017357446,10.293173333333106,-0.12279302752296398,-5.497996861794902,2.4408500807060527,213.0,0.9774874112113693
256.0,0.008703748464759851,0.011760036808782454,32.32950367709144,0.017291125,10.294449999999294,-0.0904298296199032,-5.586964571613329,2.411237487701596,212.0,0.9768673253174371
257.0,0.008747178334661829,0.011716420394410761,32.52619897676276,0.017396487,10.307133333333574,-0.0900309921891106,-5.5411669457329715,2.430221271739885,211.0,0.9769823668322157
258.0,0.00867703710970241,0.011611824091723802,32.629555944487315,0.017328709,10.22026500000017,-0.08799002783004564,-5.490486076923322,2.40112856704431,210.0,0.976902593519048
259.0,0.008729999036128628,0.01185709609108211,32.28094656322729,0.01736505,10.217931666666603,-0.11740249427122555,-5.674454012502196,2.4242363718847755,209.0,0.9763587354576981
260.0,0.008860768527320035,0.01195505035887821,32.491314014890214,0.017431792,10.231193333333552,-0.13398306250178768,-5.623027187079898,2.4658968929948526,208.0,0.9764636070413245
261.0,0.0086982793632923,0.011648490516191929,32.76575216205531,0.017366678,10.304574999999993,-0.08536976459044364,-5.483769151406182,2.421288972545277,207.0,0.9764683654494782
262.0,0.008861695977811843,0.012114547073568313,32.349925779251166,0.017544847,10.336211666666593,-0.11976103528781608,-5.669963755566559,2.459484019603527,206.0,0.9757510587458142
263.0,0.008833716260267487,0.011960173080417328,32.6794194794094,0.017429469,10.319690000000021,-0.14205409759186347,-5.638976344283302,2.459173341440073,205.0,0.9759186293545267
264.0,0.008721567467342844,0.011686270645662506,32.83729895528146,0.017402742,10.227155000000494,-0.08818133973607538,-5.425460647163502,2.405572421292025,204.0,0.9759733976993562
265.0,0.008735786404294739,0.011910224139235816,32.40459021756017,0.017488884,10.328999999999844,-0.0870525551915363,-5.554921634783554,2.407615163803399,203.0,0.9753634817365763
266.0,0.008701306693772884,0.011791935306332185,32.75979224068319,0.01741397,10.236366666667163,-0.12267946139200488,-5.548830550180776,2.411426664651685,202.0,0.9755025951984863
267.0,0.008495896698035982,0.0116263029065516,32.62729518140252,0.017314922,10.231570000000648,-0.12345288385020964,-5.435038136960192,2.3125880280739124,201.0,0.975308060276902
268.0,0.008695445663866607,0.011891544614234245,32.43122406883207,0.017511936,10.338336666666631,-0.0848771926844605,-5.526715222237496,2.3906271897974616,200.0,0.9749150717446656
269.0,0.008626062935059598,0.011731631318582982,32.671836481220666,0.017376471,10.325628333333103,-0.0848956273582984,-5.452058160998748,2.371017366952228,199.0,0.9749512729674833
270.0,0.008341962017580975,0.01140647627571472,32.621848396565284,0.01728742,10.237498333333255,-0.1455631395012194,-5.308290951890247,2.245243368708186,198.0,0.9747073812240677
271.0,0.008678073474435126,0.011910908910953314,32.478369128957546,0.017485868,10.342668333333373,-0.0846704517161687,-5.535818804881414,2.3906214810242967,197.0,0.9743721467045224
272.0,0.00858685635882685,0.01172377137160789,32.77852268206731,0.017395418,10.248339999999734,-0.09034473297512031,-5.430824437958645,2.3496668009125847,196.0,0.9743843692823295
273.0,0.008611579209631053,0.0119398558412603,32.5223281401723,0.017277688,10.328653333333204,-0.11841764250572312,-5.505780964185101,2.349399455877597,195.0,0.9738545998411998
274.0,0.008693645089837528,0.011975577748884131,32.64515695106541,0.017471252,10.350826666667126,-0.08933795321341632,-5.5264577693547645,2.375601989537113,194.0,0.9737751064343942
275.0,0.008630099747410854,0.01183439695687672,32.83208192972968,0.017413013,10.350826666667126,-0.09143031440554684,-5.448773425816477,2.355358264773275,193.0,0.9737479555172809
276.0,0.00850045817660771,0.0117773177542864,32.588373378357666,0.017343292,10.335229999999994,-0.08744606066894782,-5.417538295824272,2.298633411269431,192.0,0.9731998988605012
277.0,0.008509940304300889,0.011712947000701909,32.77368447582503,0.017435262,10.344744999999996,-0.12087896409115363,-5.3736526432888905,2.294715536957611,191.0,0.9732651170428452
278.0,0.008353645197858894,0.011530876840250504,32.887628511041015,0.017303754,10.259400000000005,-0.12290130482775083,-5.321389870655274,2.2391787122541573,190.0,0.9730738476954842
279.0,0.008543295245925182,0.011919487019971142,32.36465943507981,0.017600857,10.379658333333342,-0.1289667827729889,-5.461549245212148,2.3108300224474676,189.0,0.9724270773950421
280.0,0.00856933451849824,0.011880899211387396,32.689495253312614,0.017434113,10.274375000000024,-0.1206434590333977,-5.441885099991935,2.3343503226219258,188.0,0.9725761741838629
281.0,0.008538899923794023,0.011845734235177345,32.70854910703115,0.017391747,10.355119999999989,-0.12142114525865605,-5.420772981734924,2.3372688279897798,187.0,0.9724330487307646
282.0,0.008486296958415036,0.011823624979421583,32.31280350000006,0.017547585,10.377906666666664,-0.08275939943857193,-5.442268414578633,2.2933519439079584,186.0,0.9718742623301085
283.0,0.008410463741482988,0.01168993879790091,32.71357440800633,0.017395973,10.275844999999997,-0.08242272952720091,-5.349327453918406,2.2588303497725537,185.0,0.9719578610302233
284.0,0.00853689244374035,0.012011024262934449,32.67538837386012,0.01732121,10.366783333333357,-0.12192428367680759,-5.446803977247453,2.3023878697254934,184.0,0.9716451123217579
285.0,0.008489716721889685,0.011891466927572234,32.45061725339374,0.017544515,10.387924999999935,-0.11969294962829456,-5.368815757671356,2.293190951251764,183.0,0.9712758225281701
286.0,0.008487950526675732,0.011890999612735565,32.89139398110359,0.017385336,10.285534999999921,-0.12197357293252907,-5.423617673977738,2.291334023095649,182.0,0.9712326236463028
287.0,0.008355294237080957,0.011796284858890473,32.670046232073986,0.017394364,10.298865000000054,-0.1188781214012788,-5.3370856896504435,2.2318413798601644,181.0,0.9709724040317711
288.0,0.008477358116463822,0.01190664585101935,32.55096332218843,0.017514665,10.301028333333306,-0.11898186432095642,-5.389121747814944,2.2791355327092657,180.0,0.970604886978476
289.0,0.00848801829298466,0.011889981850839964,32.736613037295974,0.017502051,10.378183333333315,-0.11934593307851499,-5.313519990648289,2.2679304079828735,179.0,0.9704849004513023
290.0,0.008566395520666391,0.012183747179834595,32.50990968090061,0.017451724,10.374016666666648,-0.13345601364067272,-5.500970004514834,2.3012831790598303,178.0,0.9699825618336478
291.0,0.00851661683999352,0.011988391708099616,32.684736112707995,0.01752539,10.30974499999999,-0.08034164343746059,-5.45983300322506,2.3028343776552713,177.0,0.9697814024614966
292.0,0.00841161914129864,0.011833565606809043,32.888368402486385,0.017444786,10.387948333333407,-0.12014644665943375,-5.413349505835869,2.25956531151538,176.0,0.9698224553945886
293.0,0.008412706249086993,0.011986982625212366,32.49318306600158,0.017395567,10.308580000000074,-0.13625098366847052,-5.402892728742559,2.2383023676260323,175.0,0.9692451018719204
294.0,0.008507715143098943,0.01204859254921702,32.71515890166415,0.017539693,10.317508333333292,-0.13730712989433688,-5.416046081630993,2.276454473369603,174.0,0.9692775710099115
295.0,0.008417172611513743,0.011923039717026287,32.895307756170496,0.017444959,10.309224999999909,-0.12059570363441048,-5.344995510866253,2.255642929582121,173.0,0.9690846222243785
296.0,0.00841242571509901,0.01203965995364642,32.49317252417491,0.017648993,10.426375000000068,-0.08231173293830825,-5.359072119397451,2.237868855432811,172.0,0.9684420505193663
297.0,0.008305341620302551,0.011790670945757278,32.78482188018093,0.017500971,10.410295000000042,-0.08034977985447639,-5.256457919953554,2.186990075503844,171.0,0.9684736799382712
298.0,0.00835944516002696,0.011948273914761312,32.86115330129671,0.017376844,10.406238333333265,-0.12213193112934748,-5.407640549653669,2.242900789152001,170.0,0.9682051564350005
299.0,0.008375860241409983,0.01198216363008822,32.44718554988578,0.017626794,10.349106666666678,-0.11711000925776462,-5.319475102208763,2.2119499623039487,169.0,0.9676829444656447
300.0,0.008315493280135812,0.011851112540176014,32.83209628560493,0.017506592,10.327753333333385,-0.11932346054033127,-5.280317963849435,2.1962666115947815,168.0,0.9676662433860459
301.0,0.008354482130129072,0.012034171194330243,32.73493056618217,0.017416963,10.41501833333338,-0.1208264014600254,-5.481421132664016,2.2218819356938693,167.0,0.967368609621128
302.0,0.008417274543736926,0.012072526419129426,32.56060057902741,0.017631814,10.356134999999874,-0.12091549903581467,-5.4052124651455,2.2487948330598164,166.0,0.9670497962748195
303.0,0.008363843113576774,0.011995960168816227,32.92776126997671,0.017464561,10.417898333333385,-0.120279677038187,-5.3095541628881495,2.2036110711065877,165.0,0.9669143215956155
304.0,0.008178590133543296,0.011766257152704879,32.72846445413192,0.017407542,10.427321666666588,-0.07960346502071552,-5.228190855346976,2.141081085195243,164.0,0.9665560414522661
305.0,0.008281092742114806,0.011845389174272384,32.60341882200155,0.017549869,10.339680000000225,-0.08663181410425523,-5.239121081939188,2.1740579565999187,163.0,0.9662867715320301
306.0,0.00823085809686356,0.011740077226667527,32.834805042438276,0.017515516,10.418818333333427,-0.078512976033789,-5.125605922211074,2.1507417661763393,162.0,0.9661704237875623
307.0,0.008340592796958748,0.012115415037165069,32.542659267128634,0.017451145,10.336498333333292,-0.08083560722606441,-5.312323663307308,2.1890473331553477,161.0,0.9654794282819253
308.0,0.008393987016603769,0.01212030776628996,32.65833693186985,0.017619312,10.446950000000166,-0.07554291762999205,-5.288261230383929,2.212625990337076,160.0,0.9655020073951259
309.0,0.008255902889848869,0.011878497071316767,32.960288040625,0.01750816,10.435148333333442,-0.13339417654065527,-5.324645148262467,2.1708439514913755,159.0,0.9653251065743473
310.0,0.00832516341349152,0.012099816640564726,32.63957717304743,0.017537486,10.353443333333416,-0.07592184425383489,-5.28781596582732,2.1771695614562874,158.0,0.9646701256872867
311.0,0.008497067708049743,0.012346778876936363,32.7195595746269,0.017673315,10.4586016666668,-0.1312100861777734,-5.340023737071987,2.2425138590819116,157.0,0.9645741178051235
312.0,0.008365374029763223,0.012038948182154518,32.9636414039786,0.017601224,10.441283333333558,-0.11675668267503035,-5.275680292216836,2.204381945494274,156.0,0.9644166238254428
313.0,0.008356189432195361,0.012215891081710043,32.46487609992369,0.017738715,10.484990000000106,-0.11506878103752688,-5.325817260040501,2.1914144738135253,155.0,0.963709020542328
314.0,0.00823035597494843,0.011881764742003515,32.89753961190648,0.017593566,10.453575000000031,-0.14536886550977338,-5.217490239449951,2.144766204914512,154.0,0.9637877675321683
315.0,0.008113122421572163,0.011748387321795114,32.93418109660371,0.017493332,10.365073333333324,-0.07912552599017,-5.115042102132279,2.097774763248046,153.0,0.9634818298785113
316.0,0.00838599399111455,0.012265747471088448,32.52453918920965,0.017720306,10.482288333333175,-0.08174817052749164,-5.3130699214503725,2.1887507198479734,152.0,0.9629248162181478
317.0,0.008249414518891881,0.011993789461599319,32.73288749810175,0.017614346,10.46427333333316,-0.07408127010618218,-5.204652071922095,2.147047263661757,151.0,0.9629327468984041
318.0,0.00799997284367484,0.011727950795890438,32.82148680642688,0.017517311,10.459209999999924,-0.12241915299282112,-5.028004578554904,2.0351002031455376,150.0,0.9625525407566988
319.0,0.008339854545489094,0.012251612927205132,32.63224947587231,0.01772006,10.493458333333061,-0.11832686476458147,-5.250999954647,2.168964192273853,149.0,0.9620691424695391
320.0,0.008283284367645041,0.012090425579771726,32.91983111380871,0.017635064,10.475555000000167,-0.10428934508743959,-5.255252914954446,2.150371550139293,148.0,0.9619322682585252
321.0,0.008341494669953063,0.012380104440892102,32.70448945259936,0.017562026,10.472666666666434,-0.115089942696304,-5.289026715005392,2.1557675391069715,147.0,0.9613568740803908
322.0,0.008500894449546834,0.012564746429156724,32.74258729828492,0.017756209,10.424488333333283,-0.0430915863193715,-5.3464664909865665,2.229427582208451,146.0,0.9610685705275395
323.0,0.008321337358232636,0.012190871887164747,32.96902689984827,0.017719168,10.402898333333239,-0.1256155596129512,-5.1811261079848325,2.1463524577088475,145.0,0.9607218598471524
324.0,0.00821455410071561,0.012237189544442901,32.56883407324357,0.017602984,10.479750000000058,-0.116255233873912,-5.192486638982813,2.1048937815999627,144.0,0.9601499178474827
325.0,0.00832577634174748,0.01231061319733898,32.73532877564572,0.017728532,10.428551666666559,-0.11772348061719207,-5.322125866463755,2.158029365324215,143.0,0.9600049263519711
326.0,0.0081843557486289,0.012099247168589074,32.88977748075477,0.017647259,10.497964999999871,-0.11798640200260022,-5.109238707063438,2.094079715759607,142.0,0.9598457529341183
327.0,0.008286437305205813,0.012403898269799377,32.47971869405737,0.017883061,10.45035500000037,-0.11578897399076735,-5.293851535832824,2.141892066934051,141.0,0.9590538045339232
328.0,0.008415203519177307,0.012502047373787423,32.87490263189276,0.017733715,10.522871666666955,-0.1167903843492004,-5.322250077220526,2.1929420099928265,140.0,0.9590961636967047
329.0,0.008413523705085774,0.012440086481919223,32.9017632070254,0.01775152,10.432708333333721,-0.11545230792015755,-5.223184017961877,2.1773291166648754,139.0,0.9588112190201971
330.0,0.008280083631400372,0.0124074242536385,32.427730119728885,0.017841857,10.47518166666705,-0.0840858705560166,-5.192643732632671,2.1198142531755515,138.0,0.9581262881524033
331.0,0.008341593432932752,0.012440367966547529,32.888054961398396,0.017729739,10.451153333333302,-0.08114915179885862,-5.225032994690285,2.1486484666551333,137.0,0.9580895271168619
332.0,0.008133009637396792,0.01213640262731145,32.917860547727315,0.017702775,10.436356666666688,-0.14190805844252888,-5.021141710056888,2.0495187914609776,136.0,0.9575874684055694
333.0,0.008335338081129965,0.012594199179084487,32.643466506208874,0.017873105,10.488058333333175,-0.11711264307496581,-5.253510034246727,2.153945206080816,135.0,0.9571349531203495
334.0,0.008501996297248023,0.012804315652271137,33.032269416158606,0.017763838,10.480311666666724,-0.11722873832505307,-5.414852465695995,2.205735572733233,134.0,0.9565380061523417
335.0,0.008120601658365418,0.012323599809870673,32.84012278841867,0.017782249,10.537638333333113,-0.0814005860808447,-5.096719411944063,2.0489074264273164,133.0,0.9565035776698168
336.0,0.00826302567276763,0.012505295997883217,32.695866084870865,0.017824084,10.494058333333426,-0.11636492509958335,-5.185357875301417,2.1081231599851,132.0,0.95601355493209
337.0,0.008306793135252922,0.012587241474429986,32.86842768893828,0.017788216,10.572806666666777,-0.09236484022220001,-5.270285015324095,2.131201198819174,131.0,0.9556758012552866
338.0,0.008194845412559725,0.012542358596540121,32.69329526233185,0.017784886,10.577395000000251,-0.12375676958488319,-5.2045650606261065,2.063861541045261,130.0,0.9550424664602201
339.0,0.00822246532768934,0.012444914581176537,32.76415029525227,0.017864119,10.595810000000347,-0.12742486499342853,-5.179840287370911,2.0904058208726206,129.0,0.9548224600596946
340.0,0.008265689483706986,0.012512336087611734,32.90728265056602,0.017777188,10.584336666666786,-0.11628460736779848,-5.1837365362288805,2.0942154434296825,128.0,0.954246319464595
341.0,0.008142574196381,0.012483087088767256,32.51008370204987,0.017891813,10.580789999999979,-0.11509096948755335,-5.114593147932699,2.050695084983569,127.0,0.9537578828629194
342.0,0.008240419469461337,0.012544533956128668,32.82930755940954,0.017808627,10.610806666666758,-0.12661083264378814,-5.170180808955855,2.0915368176440454,126.0,0.9534355240360258
343.0,0.008391372932064088,0.012788081364294905,32.9932158706579,0.017832905,10.60571000000006,-0.12629262700206648,-5.278525416496987,2.1480527621062477,125.0,0.9532421087398895
344.0,0.008131833251646644,0.012561945407337077,32.603217367722934,0.017984105,10.545301666666637,-0.11574809990872932,-5.18187051776107,2.046783183460058,124.0,0.9524913065749071
345.0,0.0081573836937155,0.012569522909209783,32.74694421292225,0.017828619,10.648646666666416,-0.11729875097292293,-5.1533697444848405,2.0597360682035775,123.0,0.9522881878582217
346.0,0.008278795262468457,0.012756130398663568,32.72319021183351,0.017764769,10.563453333333504,-0.07666691183647992,-5.20557055007138,2.0986986491947297,122.0,0.9516578387310165
347.0,0.008122154339426663,0.012547842646814251,32.51765667893957,0.017996024,10.578195000000415,-0.14040608258753143,-5.177670938044147,2.0316673219085297,121.0,0.9510923345776726
348.0,0.008174027474423836,0.01260156450712976,32.90313884191174,0.017820545,10.559249999999883,-0.11715054550667348,-5.13170579900913,2.053360469069854,120.0,0.9510618247842155
349.0,0.008263506844610666,0.01282980282144865,32.90136438826171,0.017849632,10.647009999999621,-0.1159075339224292,-5.3303337604784975,2.0940502727715034,119.0,0.9501779737951664
350.0,0.008081999531371257,0.012548699774222006,32.56846972474371,0.017977707,10.600638333332608,-0.07725645249501216,-5.12965622742356,2.0118905571746932,118.0,0.9498288372596421
351.0,0.00811643626536903,0.012546185139647156,32.957501180101644,0.017839314,10.578688333332927,-0.07652715518954313,-5.229860139874841,2.040651717790211,117.0,0.9497088507324684
352.0,0.008048262368988444,0.01257145345040463,32.73619592409719,0.017855322,10.667009999999815,-0.07828440539877517,-5.0821267193419395,1.9894063124392247,116.0,0.9486031273004804
353.0,0.008108824451384037,0.012616993546904414,32.58655228787873,0.018001268,10.613523333333433,-0.1175514182013832,-5.081535247388966,2.006607394654526,115.0,0.9486327040727309
354.0,0.008094548819580778,0.012595480078060436,32.91003041086948,0.017853551,10.682179999999546,-0.07944329235122254,-5.083437701661178,2.0214843840012318,114.0,0.9482964432298581
355.0,0.007953943410114756,0.012455851998403943,32.678375995626844,0.017868124,10.612320000000182,-0.08132869822037647,-4.9980908756773434,1.9604746862762505,113.0,0.94764603414671
356.0,0.007940082117939912,0.012381536871575753,32.72558235584612,0.017933957,10.717236666666576,-0.0768488433104426,-4.958348222145143,1.9450902148302838,112.0,0.9472194568510348
357.0,0.007949690635676993,0.01240874371841534,33.080429436987316,0.017868863,10.615869999999996,-0.11851566598072663,-4.999111354172402,1.9536597310322965,111.0,0.9466310003760076
358.0,0.008047548250867944,0.012681338505711433,32.73300158339404,0.018130459,10.735743333333327,-0.08176315006257726,-5.0433126930627425,1.9794608118118047,110.0,0.9459247033225817
359.0,0.008016532594790526,0.012582080856057486,33.109458406552534,0.017940342,10.644795000000158,-0.08816091689268883,-5.010946368794834,1.9712368474768027,109.0,0.9449592129779516
360.0,0.008244315366706135,0.012958060637140952,33.16351870318282,0.017894885,10.733568333333825,-0.08167124576614698,-5.225876726469767,2.0576803126801813,108.0,0.944749003300096
361.0,0.007967789949526427,0.012621427214919606,32.69070806728046,0.018097932,10.764309999999629,-0.07546152460197822,-5.0162671434766635,1.955532947138646,107.0,0.9444278574007708
362.0,0.008105060504491546,0.012797800900185684,33.0114381142242,0.01794358,10.755399999999403,-0.11801658657944397,-5.106613473027518,2.00219843037141,106.0,0.943993069518477
363.0,0.008256525644237657,0.013048182533489458,32.997391403762606,0.017995548,10.75775666666644,-0.11567569977878496,-5.1424498609793,2.0496283650615896,105.0,0.9436292845500086
364.0,0.008020399135001152,0.01273891315205246,32.69123001067619,0.018119305,10.798490000000069,-0.138282919686523,-5.045829713729067,1.9594214205152563,104.0,0.9429607748554517
365.0,0.008040387317592178,0.012716506242364266,33.034645452985075,0.018008305,10.7755183333337,-0.11651814392941477,-4.9966450229434525,1.9563549358755878,103.0,0.9414907066422713
366.0,0.007755472207216252,0.012386086090960619,32.87264131304351,0.018028304,10.681506666667216,-0.06841934280200879,-4.8600646226638755,1.8605290444775051,102.0,0.9417857279478105
367.0,0.007936491017549051,0.01268606195091739,32.77658631389484,0.018139623,10.836196666665879,-0.07599241968917413,-4.958395645688924,1.9168883943714057,101.0,0.9411852354992177
368.0,0.008128577133272254,0.012977631228424285,33.07601193210753,0.018005867,10.736253333334268,-0.07873388513433058,-5.113292832089325,2.0114282172198044,100.0,0.9409877149097721
369.0,0.007833493539127432,0.012588311140838549,32.91476385059168,0.018131513,10.810293333333297,-0.08133151039819794,-4.8184184973183335,1.8583733666480298,99.0,0.9397850505744145
370.0,0.00800602718988518,0.012830498053840315,32.87302448169416,0.018167906,10.841015000000091,-0.07244401794016492,-4.937811768513231,1.9336798406366524,98.0,0.939441232259768
371.0,0.008044725545843573,0.012873986437802213,33.07477113030744,0.018132415,10.829251666666824,-0.08285614706940045,-4.961366004512425,1.9439125152069412,97.0,0.9391342682827838
372.0,0.007872655147466176,0.01281494303561429,32.84454120347574,0.018097742,10.81322500000048,-0.07628841200638659,-4.911897055531198,1.8797759228826645,96.0,0.9383585544515841
373.0,0.007848751803765671,0.012668826250496392,32.83136624461979,0.01816861,10.798571666666733,-0.05819340326468775,-4.946923614298321,1.8843004674179447,95.0,0.93784222051583
374.0,0.008025443584904314,0.01297844404340865,32.973188331700555,0.018072682,10.878079999999803,-0.07476408776898291,-4.973925061728258,1.9449261057022014,94.0,0.9374414879075785
375.0,0.007905233268489721,0.012954271770782167,32.685360820457824,0.018351896,10.88961666666728,-0.0781383526488104,-4.899875213197453,1.8818477187101623,93.0,0.9361191169514091
376.0,0.007861460161327126,0.012783534725698277,32.97157789065885,0.018143129,10.812215000000045,-0.12416232367245157,-4.882048238054992,1.8694622654408013,92.0,0.9357548654723373
377.0,0.007980927585078828,0.013004510003656128,33.01140521684212,0.018105175,10.824143333333389,-0.11629644232657269,-4.954357992193359,1.9085287197220013,91.0,0.9354392243981312
378.0,0.007776633903745963,0.012757357147784308,32.64573050449824,0.018322743,10.870314999999634,-0.07294119842433927,-4.804932717283558,1.8388350105767366,90.0,0.9347259296856558
379.0,0.007822448529132591,0.012803031472240696,32.96581324074071,0.018175412,10.94033000000054,-0.11691538635437915,-4.839473375721113,1.8421504428719586,89.0,0.934144844078161
380.0,0.00789937854118626,0.012985167387864066,32.96059516292131,0.01838851,10.875881666666828,-0.07839593548706955,-4.86722829748487,1.8642913227707796,88.0,0.9334118626182254
381.0,0.0077935592890594945,0.012856129312598556,32.682340977191714,0.01838851,10.922346666666668,-0.07871004818112888,-4.845294701610536,1.8226240624008285,87.0,0.9323073147929578
382.0,0.0077433726177910745,0.012732568027009483,33.29135044694766,0.018214595,10.88513666666666,-0.12823650265381606,-4.798381401225631,1.8097058602756138,86.0,0.9320742367653274
383.0,0.007640751498367191,0.012635895819419795,33.05451708256889,0.018160816,10.90226500000002,-0.11777536599025279,-4.711808411444054,1.7704359429964858,85.0,0.9315055510096688
384.0,0.007679291926785421,0.012720566895779693,32.85670059715303,0.018395631,11.041456666666667,-0.11542175657895025,-4.702602967950648,1.7737023415336695,84.0,0.9305995127763259
385.0,0.007666623823218214,0.012722203823018563,33.219815667623855,0.018211979,10.928429999999995,-0.11678372997416271,-4.6994007272653056,1.7695906525134002,83.0,0.9296287415316663
386.0,0.00758480782321887,0.01268223148544738,33.008323196106765,0.018167214,11.042141666666673,-0.11385829280769645,-4.621733542012945,1.7382784311577075,82.0,0.9287506752740983
387.0,0.007684346923516897,0.012772499510148153,32.986554005602336,0.018381175,10.97154166666666,-0.12546166213074994,-4.663066844937359,1.7561771618916089,81.0,0.9285536958369526
388.0,0.007710026987515703,0.01283893184733486,33.04984378192254,0.018422097,10.97846833333333,-0.0744156535729567,-4.726772213556248,1.771421005400739,80.0,0.927371987157896
389.0,0.007752892335132984,0.013169485885907177,32.76355844317369,0.018443771,11.076655000000027,-0.08189408145812108,-4.752800692001792,1.782170169794554,79.0,0.9263277498234257
390.0,0.007705210123292875,0.012970298702221213,32.946350626148444,0.018480755,11.055841666666614,-0.07978973012504319,-4.70038633010735,1.7697258521488954,78.0,0.9258075531798762
391.0,0.007568314993476211,0.012704378089992184,33.21583942324251,0.018416705,11.03720666666668,-0.07301831985085909,-4.610207700966658,1.7200944546900454,77.0,0.9251590567902017
392.0,0.007496468310626101,0.012729088632916274,32.97434991601436,0.018384902,11.059470000000026,-0.12613173069582748,-4.604068171228427,1.6893797755579862,76.0,0.9241285628581052
393.0,0.007616414150808699,0.012891166903898747,32.9809961331924,0.018501353,11.109566666666675,-0.11723961138145955,-4.655351805242067,1.7264354085353775,75.0,0.9234641584568575
394.0,0.007499263073553743,0.012732272957545608,33.22550093933051,0.018439163,11.173848333333323,-0.14226049536413027,-4.596118720698853,1.682399298570982,74.0,0.9227947530619424
395.0,0.007653863619098381,0.013160659299837006,32.7748263475824,0.018706381,11.16562166666675,-0.1262453101144748,-4.7224284005647785,1.7278139406300002,73.0,0.9216551422997292
396.0,0.007702546956335079,0.01317766205863539,33.08701740603087,0.018574178,11.161484999999933,-0.07540970052054406,-4.674310066101661,1.741896485770134,72.0,0.9211401145936645
397.0,0.007525974821054478,0.012847222549504279,33.30374866310535,0.018585695,11.149278333333253,-0.11281948537926838,-4.547732733580636,1.6748880777035733,71.0,0.9199654688851423
398.0,0.007629393660796563,0.013239849299586817,32.68651985010407,0.018713472,11.346686666666695,-0.11267201585834288,-4.633149422374373,1.7066944302472868,70.0,0.9184555420060142
399.0,0.007700529734988973,0.013337644839847417,33.02222114126652,0.018602096,11.325285000000076,-0.11320302753140501,-4.683653550433948,1.738242463165142,69.0,0.9182478888062646
400.0,0.0076181022311958314,0.013155106476383073,33.18244589102128,0.018617205,11.226239999999962,-0.13213556937277599,-4.569984467516402,1.6963662133007709,68.0,0.917630144795561
401.0,0.007617419270946973,0.013303791213429804,32.70888748670755,0.018761877,11.405556666666719,-0.07577898693106913,-4.617247310971321,1.7025165621698133,67.0,0.9165147272732362
402.0,0.007485086553695364,0.013050307956333001,33.19585912950149,0.018588213,11.268781666666474,-0.12138605265180663,-4.507692773289267,1.6564753848294342,66.0,0.9153912950987463
403.0,0.007386863689640307,0.01302828328841461,33.131859455177256,0.018518707,11.37242499999993,-0.07732162109181334,-4.493136909252016,1.6227519135141328,65.0,0.9145451568268695
404.0,0.007505773503533335,0.01328960659808483,32.791944321113384,0.018722583,11.478763333333337,-0.07061910035266526,-4.552698512534341,1.6604799697469912,64.0,0.9135395185797177
405.0,0.007484404560706852,0.013201082739533725,33.047157980392164,0.018669365,11.376793333333383,-0.11324843779276593,-4.5552231089011075,1.6500685527868113,63.0,0.9126524393372936
406.0,0.007246976446377495,0.012903173483170155,33.08409385141681,0.018660611,11.39806166666652,-0.06951400592988359,-4.407053292530399,1.563716640963929,62.0,0.9117166004066106
407.0,0.007513836431971258,0.013419047465285161,32.946741245890436,0.018848734,11.555596666666679,-0.0735434364693906,-4.568710607263962,1.6498142743626896,61.0,0.9106003991464722
408.0,0.007458488305245429,0.013321550840109041,33.25570556770108,0.018732134,11.453795000000051,-0.07236770341684955,-4.4852936726351205,1.6322301194462199,60.0,0.9093527351983183
409.0,0.007464210522695275,0.013543002472882402,33.01803385434172,0.018704591,11.562149999999868,-0.11047333207516932,-4.508015770693467,1.6174305800097835,59.0,0.908318901050302
410.0,0.007555689282571766,0.013659383144078661,33.09380843849889,0.018731402,11.618156666666618,-0.07511183985250552,-4.599656363871116,1.6599826112979639,58.0,0.9071757354772917
411.0,0.007579569766665898,0.01365436926423454,33.26796533379884,0.018800803,11.563326666666642,-0.12855989260141384,-4.520206019580822,1.6526338568860577,57.0,0.9059981414217563
412.0,0.007400018061099378,0.013596811892707979,33.03993135302203,0.018841527,11.62247166666663,-0.06782190630045626,-4.463324676472409,1.5903155662951047,56.0,0.9047376857528594
413.0,0.007359981094698279,0.013477076708973303,32.96007166136836,0.018863043,11.734300000000076,-0.06847987384590014,-4.46168451102176,1.5870467576754115,55.0,0.9037141988100247
414.0,0.007315262940021022,0.013415976924046443,33.11532791081459,0.018870967,11.746234999999919,-0.06995939730442781,-4.391187586704628,1.5693911777054217,54.0,0.9027235168928154
415.0,0.007292428162424905,0.013572005094245741,32.89317789757787,0.018979989,11.677694999999948,-0.10906318631241586,-4.3998572958240025,1.5397773800756362,53.0,0.9015063254172704
416.0,0.007408885231274793,0.013712978125756926,33.074255320401406,0.018923618,11.75572000000005,-0.08253252676104593,-4.505687484980543,1.5882793372968314,52.0,0.9006091882062387
417.0,0.007301107071700865,0.013525797055994599,33.34479465122623,0.01893731,11.826274999999926,-0.11113710311703857,-4.3992550752192825,1.545342163343305,51.0,0.8992722714494578
418.0,0.007228644358735083,0.013571191301530934,32.882000707234624,0.019152056,11.840516666666856,-0.1163379352037976,-4.342204534744052,1.5201728536157937,50.0,0.897685370320782
419.0,0.007202685595746432,0.013489566484198558,33.11110189427614,0.019008677,11.953801666666793,-0.07141412045804624,-4.348168981612815,1.514501633224246,49.0,0.8968990107176146
420.0,0.007245692426512044,0.013627175189183589,33.2790549786795,0.018921359,11.973143333332944,-0.07146778676513275,-4.377802400643078,1.5366040887734702,48.0,0.8956241492012872
421.0,0.00721103176133532,0.013668924018276385,32.88544480980783,0.019137612,12.110436666666647,-0.10858888951559967,-4.33951215413756,1.5146943218819169,47.0,0.8942271645392228
422.0,0.007327072188379079,0.013982209062162,33.22011837152538,0.01894607,12.08051666666676,-0.11724823417573843,-4.402468714095403,1.5478884392589995,46.0,0.8928470302401503
423.0,0.007375012224756718,0.014070641031857477,33.13516884041809,0.019027321,12.13612833333318,-0.1104375607176205,-4.443125990634664,1.5609986455093148,45.0,0.8913154665992403
424.0,0.007128806271972003,0.013680164819509228,32.83534851195214,0.019228702,12.214015000000169,-0.11487300418594039,-4.304007197904903,1.4802514779310558,44.0,0.8899628657559757
425.0,0.007068957431897947,0.013584038737775994,33.23601319434875,0.019112518,12.095275000000159,-0.07483196213434926,-4.2288605520558855,1.4666289932593524,43.0,0.8889275294438167
426.0,0.007132525072982315,0.013827859035265023,33.039642836512314,0.019031657,12.238468333333246,-0.11470792320606975,-4.293545941615146,1.471016817421817,42.0,0.8877121200387763
427.0,0.007074320268414574,0.013818064518146213,32.867725737092435,0.019216625,12.2946233333331,-0.12310162838219975,-4.260737162494313,1.4530273146412367,41.0,0.886146631746793
428.0,0.007127570178227503,0.013938621546371818,33.22893903047094,0.019091185,12.359391666666488,-0.11626534119333916,-4.280396672667498,1.4701390626859383,40.0,0.8845297526467478
429.0,0.007244265137213646,0.014298338901863746,33.17163708179962,0.019107755,12.411051666666754,-0.10712462646060004,-4.38819395514899,1.4960997453445968,39.0,0.8831575210372956
430.0,0.0070990566023563,0.014059927541747194,32.997567736588664,0.019306289,12.45594333333332,-0.10136751084805652,-4.2514616777041,1.4473840131500713,38.0,0.8814581162115233
431.0,0.007111627694517334,0.01404779926253601,33.49665800348434,0.019168146,12.417683333333601,-0.11199978818523153,-4.289330597451091,1.4535519006335795,37.0,0.880166964144928
432.0,0.006892182464656997,0.013746845424313705,33.33290406023282,0.019246262,12.528018333333117,-0.12532863124545834,-4.097110562977411,1.388170168925638,36.0,0.8789197946980136
433.0,0.007069873049660742,0.014175590296346244,33.03892308316695,0.019355055,12.700958333333256,-0.10566725079327731,-4.235332625455962,1.4350384318675906,35.0,0.8772907956524943
434.0,0.006956271137329196,0.01394454493503359,33.46990641597793,0.019283313,12.648765000000033,-0.09980484299936948,-4.1410775003631874,1.3860889781581993,34.0,0.875845601784683
435.0,0.006845344204287303,0.013904793606505574,33.3758444204468,0.019230627,12.68741000000009,-0.10837763491571932,-4.094726705495864,1.3573310812796477,33.0,0.8743772689909468
436.0,0.006998843499872199,0.014239088500757063,33.07427216509438,0.019461049,13.06346833333373,-0.10875121778888211,-4.21861215649382,1.4073023407264642,32.0,0.8724811086531186
437.0,0.006927161725233531,0.014114272871496537,33.45261283459164,0.019343793,12.854023333333801,-0.1077404290188312,-4.128239274417423,1.37933890922458,31.0,0.8713437744626498
438.0,0.006757103864714979,0.01393342089797001,33.24334497131143,0.0193145,12.830945000000066,-0.10542143770198412,-4.076985098768468,1.323859603058032,30.0,0.8697866833615261
439.0,0.006872955253727251,0.01425612859277348,32.995460295765035,0.019530002,13.269405000000067,-0.1199820072119187,-4.0934431547780665,1.3510158616488985,29.0,0.8682845378792614
440.0,0.006946985087464348,0.014410213001444572,33.39151282958414,0.019416295,13.27282333333375,-0.11081444823940137,-4.159789910951222,1.3814648272364956,28.0,0.8665450411322398
441.0,0.006703651993259705,0.014014292145217608,33.197814039590384,0.019457614,13.359156666666482,-0.1039927853310935,-3.982395581624536,1.289982271046326,27.0,0.8650574041297384
442.0,0.006827022520443606,0.01429949273082811,33.12586815251901,0.019658055,13.426370000000073,-0.10418647158421657,-4.079017752626515,1.3324728807464767,26.0,0.8633465511337607
443.0,0.006775920879290912,0.014239256625249273,33.464473801777125,0.019563787,13.510356666666727,-0.11557544958653844,-4.029190606215096,1.317928088209641,25.0,0.8621322520239563
444.0,0.006668992237563346,0.014238240798452624,33.28441947773274,0.019440541,13.588509999999951,-0.10297746830019834,-3.9788867129809384,1.2811248965435886,24.0,0.8606160925631677
445.0,0.006781684004460678,0.014490449357889307,33.11057311399329,0.019698495,13.793524999999985,-0.04494397646196478,-4.081287566521476,1.3206110319630255,23.0,0.8585931346433573
446.0,0.006867489244815071,0.01468810044363289,33.37526016094275,0.019586952,13.855331666666704,-0.12275829994111559,-4.098391362324603,1.336382038814107,22.0,0.8572861305464611
447.0,0.006590259750894657,0.014264875450956244,33.24573664285713,0.019644154,13.942078333333484,-0.1230024650895133,-3.9310034920765964,1.2440248878971358,21.0,0.8554470244554189
448.0,0.006655452495550658,0.014358567834375873,33.03354021504661,0.01983848,14.159596666667008,-0.11458084135552798,-3.954507889138883,1.273327213435247,20.0,0.8541269580616297
449.0,0.006793601053675241,0.014781264332340697,33.40710820000001,0.019669876,14.09634500000005,-0.10514947296211964,-4.06125036533186,1.3061939305974748,19.0,0.8521708417810628
450.0,0.006597892179240531,0.014497953262174833,33.165123027891184,0.019604133,14.378291666666822,-0.10419495039969928,-3.9566970028419184,1.2429248778710604,18.0,0.8505783891762076
451.0,0.006714685727876009,0.014812813566730539,33.04697434958789,0.019914197,14.58317333333301,-0.11065604527105606,-4.046804379339929,1.279593888491674,17.0,0.8486256131115604
452.0,0.006790025685799625,0.014944213813299568,33.35448012024877,0.019749675,14.588911666666293,-0.1114435628337757,-4.061125294850155,1.3028042275430562,16.0,0.8473351234900218
453.0,0.0065481299272824095,0.014578609605610566,33.31584944729545,0.019805053,14.800373333333603,-0.10417110329537443,-3.9178474026279293,1.2210277510962675,15.0,0.8457534006290428
454.0,0.006675140839053638,0.014895080065812197,33.05314600471692,0.020020373,15.064640000000265,-0.11421993777675056,-3.9933832202895037,1.2645540098532948,14.0,0.8439492175217651
455.0,0.006644642303675294,0.014845897513124585,33.43628033761831,0.019868033,15.122738333333109,-0.10608563074955253,-3.9373185530410604,1.2494924454688334,13.0,0.8424970726459641
456.0,0.006600948460877228,0.014859769388713551,33.50389115648092,0.01994059,15.30091500000029,-0.11991389768860058,-3.915020601958181,1.234847316942569,12.0,0.8408422102525968
457.0,0.00655571365254446,0.014899034841628486,33.18055132196454,0.020128312,15.744088333332911,-0.1088353557707666,-3.914176701325825,1.2156940527235969,11.0,0.839023966515735
458.0,0.006589320951978928,0.01500536255398674,33.51313169057376,0.020032359,15.955393333333388,-0.11682920477154639,-3.893005954757198,1.226692535320954,10.0,0.8373839578199772
459.0,0.006575112754172325,0.015023275980093485,33.454808885501386,0.019988038,16.306774999999714,-0.11388534615026462,-3.869754226274039,1.215114062453034,9.0,0.8356134754386833
460.0,0.00647158533118789,0.014935307226631483,33.092507223951294,0.020228662,16.812609999999403,-0.11068036607104391,-3.8269167835521243,1.185671066216681,8.0,0.8340547142295996
461.0,0.006501751195890895,0.015011961354977503,33.53002792932117,0.020161573,17.05602666666673,-0.04379756698736649,-3.843686087935973,1.194507911568278,7.0,0.8323309015690618
462.0,0.0065403183290935795,0.015199326613524853,33.50504327377723,0.020131769,17.49946166666632,-0.11935606693382018,-3.8978200228586277,1.2001533590444602,6.0,0.8305999932822473
463.0,0.006476040886390751,0.015261589068548728,33.029816624396986,0.020421475,18.245960000000196,-0.10081451200839103,-3.8559152381589965,1.1796871715247006,5.0,0.8290979994159287
464.0,0.006493675590677404,0.01525586704915386,33.24958543308169,0.020320456,18.785401666666925,-0.10832642102531248,-3.8084057803337856,1.182404926779522,4.0,0.827493325399543
465.0,0.006362971616606383,0.015013099407104017,33.48094394258369,0.02029771,19.475771666666454,-0.044925584114425036,-3.719141067537043,1.14869361875683,3.0,0.8256165304999966
466.0,0.00637664221404019,0.015264352146005057,33.07626049639781,0.020642553,20.895310000000368,-0.1029619984654931,-3.7572275580571146,1.1411593374747144,2.0,0.8240997345438038
467.0,0.0064196723447631256,0.015367558645331056,33.30191602645855,0.020547794,21.795913333333253,-0.10045159655356752,-3.801964705979456,1.1586719054664416,1.0,0.8222851472295801
468.0,0.006415060647518474,0.015396332568954537,33.47184574264209,0.0205543,28.61298999999999,-0.0964159015551542,-3.806258283793946,1.1497301517892418,0.0,0.8222851472295801
