Cycle,voltage mean,voltage std,voltage kurtosis,voltage skewness,CC Q,CC charge time,voltage slope,voltage entropy,current mean,current std,current kurtosis,current skewness,CV Q,CV charge time,current slope,current entropy,RUL,SOH
1,4.098207,0.060039654,-1.2720311,0.054469954,0.6149687,1267.15,0.00013125066,3.5593002,0.3130237,0.09341586,-1.1018691,0.32456776,0.06536161,755.73004,-0.00057478197,4.0769672,450,1.0
2,4.0977745,0.060080417,-1.2712854,0.053430866,0.6132621,1263.618,0.00013334866,3.5594995,0.3131221,0.09385917,-1.1004848,0.32662043,0.065210074,752.33405,-0.00058036565,4.0722246,449,0.9757142
3,4.099906,0.06021794,-1.2759082,0.046417907,0.6137691,1264.702,0.00013045933,3.558952,0.31416735,0.093194626,-1.1032866,0.32187322,0.06492017,749.536,-0.0005788632,4.0661125,448,0.96795225
4,4.098136,0.060155306,-1.2721446,0.052968737,0.61291033,1262.9481,0.00013229666,3.5592773,0.31302443,0.09398977,-1.1011112,0.3265574,0.06538858,756.33203,-0.00057953905,4.076075,447,0.9601226
5,4.0998445,0.060269054,-1.2757926,0.047398124,0.61339366,1263.9161,0.00012941,3.5593255,0.31290263,0.09418666,-1.1016356,0.3266992,0.06517893,752.6321,-0.0005803059,4.0730605,446,0.95203924
6,4.097167,0.06012749,-1.2685466,0.057479102,0.6121499,1261.3162,0.00013308533,3.5585554,0.31289107,0.09413624,-1.1000361,0.3279681,0.06525937,754.32605,-0.0005830312,4.0742407,445,0.9445343
7,4.0995016,0.06022657,-1.27355,0.0495202,0.6125658,1262.2162,0.00012941,3.5597022,0.31329706,0.09420189,-1.1020224,0.3267328,0.06539064,755.23206,-0.00057743397,4.075493,444,0.93695116
8,4.098443,0.06033039,-1.2739922,0.052237883,0.61249083,1261.9922,0.00013019932,3.558994,0.31224182,0.09248642,-1.1026758,0.3232898,0.064428225,747.63007,-0.00057493243,4.0652046,443,0.9220848
9,4.1008844,0.06033321,-1.2775434,0.04370406,0.6098765,1256.6501,0.00013251304,3.5598984,0.31253365,0.09272035,-1.1018856,0.32407036,0.06459627,749.82605,-0.0005779365,4.066063,442,0.90789413
10,4.1006064,0.061511196,-1.2843496,0.03913155,0.61834586,1274.0801,0.00013080302,3.5830288,0.3108414,0.093406975,-1.0989997,0.32982045,0.0647146,751.93207,-0.0005776411,4.072755,441,0.9011979
11,4.098851,0.060346052,-1.2725481,0.052504558,0.61191016,1260.8041,0.00013177532,3.5594034,0.31081232,0.09323553,-1.0975195,0.33080548,0.064708665,751.9241,-0.00057673367,4.073399,440,0.8944402
12,4.098472,0.05897799,-1.264529,0.05772299,0.5958983,1227.8422,0.00013702131,3.536421,0.31149912,0.093355425,-1.0984031,0.32886526,0.06479466,750.73206,-0.00057756377,4.076094,439,0.88756895
13,4.0972557,0.06030919,-1.2683023,0.059291825,0.6112786,1259.5461,0.00013360998,3.5589237,0.31195197,0.09353657,-1.0976504,0.32855624,0.06504564,753.9341,-0.00057975575,4.0751863,438,0.8816004
14,4.1011605,0.060247574,-1.2745663,0.045133665,0.606867,1250.4641,0.00013304543,3.5591161,0.31252155,0.09355616,-1.097668,0.3290794,0.06528829,756.4261,-0.00057845016,4.0761347,437,0.86315775
15,4.09761,0.06032482,-1.270378,0.05713126,0.6106715,1258.2961,0.00013387398,3.5586648,0.31240177,0.09342656,-1.0968359,0.32968295,0.06537704,758.7261,-0.00057917583,4.0760403,436,0.8571687
16,4.0994515,0.0603091,-1.2712518,0.05104532,0.60983497,1256.5161,0.00013177199,3.5596185,0.3133765,0.093675025,-1.0986291,0.3287291,0.06545263,756.13007,-0.0005781991,4.074965,435,0.85080004
17,4.098743,0.059165854,-1.2675043,0.056327574,0.5957801,1227.5001,0.00013623532,3.5350728,0.31412348,0.09364416,-1.0996825,0.32743183,0.065620214,756.3321,-0.0005750978,4.075971,434,0.8448725
18,4.098295,0.060404997,-1.2696887,0.056310788,0.6103174,1257.5421,0.00013150866,3.5590532,0.31477332,0.09378928,-1.100135,0.3264277,0.06589619,759.1321,-0.0005758321,4.07875,433,0.8392143
19,4.0989656,0.06046292,-1.2707553,0.05218523,0.61046594,1257.8241,0.00013282198,3.5588694,0.31309605,0.09445706,-1.0965073,0.33183047,0.06613661,763.63806,-0.0005770365,4.0875087,432,0.8340559
20,4.099825,0.060326867,-1.2720941,0.04949222,0.60894704,1254.7361,0.00013387443,3.55943,0.3131403,0.09444645,-1.0960397,0.33376402,0.0660366,761.43005,-0.00057656073,4.086469,431,0.82865095
21,4.0980315,0.059016638,-1.2626357,0.061907228,0.5940706,1224.0562,0.00013728465,3.5353644,0.31161514,0.09272063,-1.0963982,0.3301474,0.06508599,756.1341,-0.0005763939,4.0757213,430,0.8236265
22,4.0972724,0.06031279,-1.2679267,0.05974423,0.60913086,1255.0302,0.00013387331,3.5571833,0.31195596,0.09274631,-1.0985312,0.32934505,0.0651139,755.2301,-0.00057224574,4.0763125,429,0.81799936
23,4.10093,0.061491143,-1.2823331,0.040912066,0.6129451,1262.9241,0.00013188148,3.5826344,0.31205076,0.092639185,-1.0979031,0.3295155,0.06521825,756.9341,-0.0005743256,4.0763383,428,0.81298447
24,4.099807,0.06045451,-1.2713754,0.050815783,0.6095108,1255.8561,0.0001344663,3.5587213,0.31076485,0.09344354,-1.0961057,0.33355853,0.06555067,761.7381,-0.0005721163,4.084819,427,0.8082447
25,4.098601,0.059082918,-1.264085,0.058354024,0.593947,1223.8322,0.00013702066,3.535063,0.31131515,0.09336823,-1.0952,0.3332104,0.06574135,763.2361,-0.0005744662,4.086388,426,0.8032222
26,4.099895,0.06152754,-1.279862,0.045271344,0.61611056,1269.5402,0.00013318856,3.581916,0.31268734,0.09278348,-1.0979669,0.3285469,0.065476276,759.43805,-0.0005735696,4.078179,425,0.79854345
27,4.101134,0.06158536,-1.2840073,0.039012205,0.6116784,1260.3262,0.00013358361,3.5828376,0.31176582,0.09345893,-1.0975404,0.3323384,0.06576782,761.8341,-0.0005710052,4.084307,424,0.793808
28,4.0983686,0.06032843,-1.2673103,0.058800798,0.6081532,1253.0962,0.00013439865,3.5585108,0.31287655,0.093528755,-1.0959901,0.33131438,0.06639015,769.6341,-0.00057429925,4.0906577,423,0.789341
29,4.101542,0.06153898,-1.2839359,0.03810872,0.6097345,1256.3401,0.00013186615,3.5830193,0.31291187,0.09347083,-1.0963237,0.33151245,0.06625848,766.8321,-0.00057103985,4.0891886,422,0.7841854
30,4.0999055,0.060501482,-1.271614,0.051844765,0.6075974,1251.8761,0.00013662058,3.5591621,0.31191003,0.09417706,-1.0943831,0.33531144,0.06667731,772.1341,-0.00056931307,4.0988708,421,0.779912
31,4.097167,0.060497977,-1.2672025,0.06050766,0.60936975,1255.5321,0.00013571065,3.5576549,0.31367335,0.093614295,-1.0964425,0.3310522,0.06643603,767.1361,-0.00057116675,4.0890913,420,0.77512264
32,4.1003675,0.061610926,-1.2803822,0.04514992,0.6131975,1263.4202,0.00013420625,3.5815704,0.3125172,0.094224654,-1.0938212,0.33545133,0.0669157,774.3341,-0.0005704829,4.0996847,419,0.7710867
33,4.100841,0.061582316,-1.282896,0.041267533,0.6112149,1259.3561,0.00013388516,3.582031,0.31275013,0.09424721,-1.0940411,0.33525574,0.06694126,773.8341,-0.0005704925,4.099894,418,0.7667928
34,4.0971184,0.059263144,-1.2618209,0.06456077,0.59455013,1225.0121,0.00014122333,3.5344284,0.3130666,0.094107166,-1.0940424,0.33450896,0.06711816,776.0301,-0.00056979456,4.099201,417,0.7621627
35,4.100965,0.060454544,-1.2762884,0.0452099,0.6034498,1243.3301,0.000134712,3.559817,0.3134978,0.094243914,-1.0937814,0.33485436,0.06728017,777.4341,-0.00057072967,4.1013346,416,0.757967
36,4.1013784,0.060430516,-1.2750523,0.04486085,0.60208756,1240.5481,0.0001350004,3.5598426,0.3129745,0.094166495,-1.0931789,0.33528817,0.067222126,778.5401,-0.0005700126,4.1015368,415,0.75409985
37,4.099441,0.061634667,-1.2764506,0.05027151,0.61510134,1267.3761,0.00013530282,3.5822499,0.31386966,0.09415835,-1.0939419,0.33453086,0.06717224,773.6341,-0.00056936534,4.0993896,414,0.7494621
38,4.097358,0.05922803,-1.2618852,0.06213814,0.5936315,1223.1041,0.00014017065,3.5352705,0.31032658,0.09300357,-1.0942098,0.33531955,0.06628951,771.1321,-0.00056484854,4.095679,413,0.7459836
39,4.0992107,0.06049038,-1.2673011,0.055888716,0.60798424,1252.7041,0.00013387065,3.5586696,0.31062514,0.09293368,-1.0931756,0.33600947,0.066428706,772.63806,-0.00056573306,4.098455,412,0.7416973
40,4.100469,0.060484044,-1.2732217,0.049479745,0.6044317,1245.3981,0.00013642936,3.5590231,0.31228602,0.09225895,-1.0961478,0.3308342,0.06625571,769.3321,-0.0005664453,4.0914135,411,0.737555
41,4.1012173,0.06046016,-1.2755047,0.04495308,0.60203743,1240.5001,0.00013572344,3.5588992,0.3138328,0.09385733,-1.0934436,0.33557376,0.06739877,778.3321,-0.00056914485,4.1016045,410,0.73372936
42,4.0975804,0.060434304,-1.2644584,0.063499026,0.60763717,1252.0681,0.00013649666,3.5581036,0.31140253,0.092864424,-1.0932373,0.33520398,0.06686789,778.1321,-0.0005662734,4.101246,409,0.7301545
43,4.1001287,0.061636265,-1.2784728,0.04783398,0.6116759,1260.4241,0.00013613513,3.5819652,0.31192964,0.09293064,-1.0947322,0.33391857,0.06705183,779.53406,-0.0005626095,4.1028905,408,0.7260537
44,4.098991,0.0604467,-1.264644,0.057857785,0.6069853,1250.7021,0.00013518665,3.5590093,0.31128067,0.09360135,-1.0910401,0.3391809,0.06750456,784.12805,-0.00056211505,4.1102314,407,0.7226505
45,4.0978093,0.060377285,-1.2637137,0.06406666,0.6076255,1251.9701,0.00013781265,3.5583937,0.31207502,0.09376512,-1.0929128,0.33734608,0.06788026,788.23206,-0.0005622198,4.112773,406,0.7187495
46,4.0995126,0.06056201,-1.268896,0.056365777,0.60628456,1249.2601,0.00013863952,3.5580363,0.313545,0.093000986,-1.0940452,0.33426476,0.06740104,779.53406,-0.0005631738,4.1030684,405,0.7130661
47,4.097465,0.060502447,-1.2639349,0.0636907,0.60770977,1252.2401,0.00013728799,3.5581884,0.3120088,0.093614705,-1.090648,0.33898765,0.06763825,783.63007,-0.000561853,4.1102443,404,0.70946884
48,4.0972958,0.060485587,-1.2630429,0.065759726,0.6072903,1251.3262,0.00014017065,3.5577064,0.3123536,0.09348588,-1.0915262,0.33743265,0.06777833,784.9261,-0.0005609321,4.110854,403,0.7054105
49,4.098934,0.06056016,-1.2661326,0.059477013,0.60740894,1251.5502,0.00013597465,3.5585337,0.3114532,0.0942596,-1.088293,0.34239423,0.068266906,791.3301,-0.00056044187,4.122497,402,0.70221376
50,4.0985656,0.060509603,-1.2648063,0.06122822,0.6070168,1250.7861,0.00013675999,3.558352,0.31337273,0.093656726,-1.0915252,0.3365955,0.06823455,789.6321,-0.00056224194,4.1151037,401,0.69838715
51,4.096981,0.05918543,-1.2585785,0.06612078,0.5921967,1220.2441,0.00013945081,3.5346296,0.31274134,0.0934936,-1.0911263,0.33796856,0.06808694,789.4241,-0.00056072057,4.1136446,400,0.6950326
52,4.0986085,0.05927283,-1.2617984,0.06234473,0.5922729,1220.3942,0.00014043465,3.5350292,0.3128991,0.09358074,-1.0912185,0.3374538,0.068136655,789.7381,-0.0005606184,4.113828,399,0.6917548
53,4.0973406,0.060436472,-1.2605313,0.0656713,0.60657865,1249.8641,0.00013859798,3.5588183,0.31352454,0.09352601,-1.0900862,0.33756292,0.06825849,789.4281,-0.0005617736,4.1142087,398,0.6881118
54,4.1000814,0.061615467,-1.2760015,0.050343204,0.6097945,1256.5342,0.00013747074,3.5817904,0.31244624,0.09415765,-1.0879724,0.34227496,0.068752185,796.7301,-0.0005603485,4.124268,397,0.68552923
55,4.0995417,0.061626595,-1.27445,0.052139286,0.6116674,1260.3601,0.00013856613,3.5816908,0.31230405,0.09397735,-1.0870457,0.34248537,0.068711266,796.5301,-0.0005620171,4.12447,396,0.6822667
56,4.1002398,0.06168861,-1.2774888,0.04839673,0.60933614,1255.5502,0.00013746269,3.5825782,0.3131226,0.09410217,-1.0890355,0.34017923,0.0687989,794.63007,-0.00055986724,4.1244464,395,0.6785965
57,4.0974355,0.059286594,-1.2587912,0.06566148,0.59236485,1220.5741,0.00014096266,3.534938,0.3128064,0.093881495,-1.0866277,0.34197986,0.06891745,798.43005,-0.00056062714,4.1261992,394,0.675416
58,4.097138,0.059239816,-1.2568127,0.06729302,0.59156865,1218.9662,0.00014439116,3.5350714,0.30969203,0.092874855,-1.0862825,0.34153295,0.06783362,790.2301,-0.0005565598,4.131122,393,0.6720271
59,4.0977907,0.059304774,-1.2600738,0.06480991,0.5919776,1219.8162,0.00014349684,3.5340357,0.30977377,0.092851855,-1.0874579,0.3425495,0.06802816,793.93207,-0.0005584183,4.1226244,392,0.669147
60,4.100509,0.06055446,-1.2707125,0.051001973,0.6004382,1237.2921,0.00014003419,3.5593417,0.31044558,0.09278159,-1.089621,0.3400279,0.068330124,797.0241,-0.00055172865,4.1246624,391,0.666214
61,4.101058,0.060645785,-1.2742239,0.04775668,0.5990216,1234.2961,0.00013927919,3.5592055,0.31064907,0.092710316,-1.0910109,0.33970103,0.06814881,792.4281,-0.00054973236,4.122824,390,0.662961
62,4.1015043,0.06055864,-1.2734592,0.047699295,0.5966975,1229.4882,0.00013834448,3.5595696,0.31096572,0.09275878,-1.0893022,0.34015104,0.06837622,795.6321,-0.0005518133,4.1242414,389,0.6596656
63,4.100232,0.061778214,-1.2783765,0.04824665,0.60852855,1253.9001,0.0001383427,3.5824087,0.31109485,0.09260511,-1.0899198,0.33979753,0.06841126,795.7301,-0.00055019476,4.124149,388,0.65655184
64,4.1001577,0.061719254,-1.2753624,0.049350787,0.6078741,1252.5962,0.00013828205,3.58274,0.3101263,0.09338148,-1.086878,0.34436527,0.06892647,803.1341,-0.00055110233,4.13457,387,0.6537633
65,4.0991874,0.060569257,-1.264759,0.05932992,0.6038462,1244.2262,0.00013771282,3.5582478,0.31052387,0.09327233,-1.0871633,0.34405127,0.068945974,801.7261,-0.00054907025,4.133303,386,0.6505761
66,4.098202,0.060576774,-1.2618892,0.06439411,0.60599166,1248.6342,0.00014043866,3.5583344,0.31163204,0.09332275,-1.0888139,0.34139726,0.06939679,805.8261,-0.0005496409,4.1373405,385,0.6481371
67,4.1000557,0.060627103,-1.2684662,0.05392034,0.6007637,1237.9161,0.0001409175,3.5589623,0.3119508,0.09330944,-1.0876098,0.34230736,0.06948707,806.2241,-0.0005511623,4.1360016,384,0.64544296
68,4.0975075,0.059176628,-1.2553111,0.067391135,0.5898678,1215.5121,0.00014581802,3.535258,0.31023574,0.09383085,-1.0842799,0.34729385,0.069740534,811.7261,-0.0005497304,4.144965,383,0.642683
69,4.0981746,0.059343748,-1.2579198,0.065381736,0.5913772,1218.5562,0.00014417534,3.5347452,0.31021217,0.093718804,-1.0839345,0.3474975,0.06971577,811.3261,-0.00054889783,4.145025,382,0.63948107
70,4.1007314,0.060479578,-1.2687643,0.05362956,0.5977464,1231.6681,0.00014090029,3.5591986,0.31066224,0.09381186,-1.0857626,0.34623617,0.0697648,810.2301,-0.00054862245,4.146861,381,0.63641167
71,4.097517,0.060511965,-1.259329,0.06701884,0.6054429,1247.4922,0.00014122065,3.5571673,0.31059876,0.09360551,-1.0841737,0.34671766,0.069995835,815.2281,-0.0005498131,4.147793,380,0.63388395
72,4.0986586,0.060515463,-1.2616259,0.06442766,0.6040222,1244.5802,0.00013877064,3.5574296,0.31105718,0.093572445,-1.0852841,0.3458201,0.06990761,811.3301,-0.0005470416,4.1457953,379,0.63080263
73,4.1002374,0.061717354,-1.2751664,0.050338093,0.606371,1249.4321,0.00013996745,3.5819879,0.31139746,0.09366888,-1.0850055,0.34600094,0.070067756,813.0301,-0.00054964947,4.1462245,378,0.6278882
74,4.0988145,0.06064385,-1.2634875,0.061890546,0.60385793,1244.2422,0.00013900845,3.5590458,0.3117115,0.093556404,-1.0851575,0.3457283,0.07005538,811.3321,-0.0005477201,4.1459355,377,0.6242466
75,4.0997148,0.06061291,-1.267071,0.0557636,0.6008157,1237.9781,0.00014093921,3.5585845,0.3117623,0.093409486,-1.0857913,0.34473136,0.07044455,818.9341,-0.00054516806,4.1499476,376,0.6219497
76,4.099616,0.060515627,-1.2649999,0.058091126,0.6001234,1236.6301,0.00014408474,3.5590613,0.3110661,0.09421181,-1.0828646,0.34747052,0.070716485,820.1321,-0.00054484024,4.1644855,375,0.6188283
77,4.1006956,0.060646582,-1.2709281,0.05110057,0.5973046,1230.8062,0.00014192083,3.5597625,0.3125919,0.09343386,-1.0854818,0.34438598,0.070622824,818.7281,-0.00054582534,4.1495967,374,0.6164894
78,4.1009817,0.060541924,-1.2704685,0.050804574,0.59578866,1227.6382,0.00014058012,3.5598683,0.31108835,0.09391142,-1.0823964,0.3491687,0.070770875,821.2261,-0.00054584484,4.156171,373,0.6141324
79,4.098588,0.05942809,-1.2583745,0.06383395,0.59097373,1217.7021,0.00014257657,3.5348892,0.31166482,0.09392951,-1.0841213,0.34762824,0.0710275,823.7261,-0.0005414226,4.158796,372,0.6119256
80,4.100034,0.061826967,-1.2764778,0.0506517,0.6063192,1249.3481,0.00014118855,3.5810337,0.31232372,0.0939278,-1.0839412,0.34711424,0.07132207,826.6321,-0.0005424778,4.159949,371,0.6091199
81,4.1002116,0.06181374,-1.275537,0.051229097,0.60553795,1247.7642,0.0001421569,3.5821524,0.3111171,0.09464415,-1.081471,0.35051277,0.07159412,830.2301,-0.0005423887,4.174609,370,0.6066656
82,4.0960984,0.059246574,-1.2516538,0.07333458,0.5902081,1216.1921,0.00014207332,3.535065,0.3120731,0.09383781,-1.0831361,0.34770608,0.07132862,827.9281,-0.00054247386,4.1601233,369,0.6039243
83,4.098832,0.060647707,-1.2622846,0.061362468,0.60275686,1242.0361,0.00014091464,3.5587862,0.3122261,0.09363841,-1.0833081,0.34743834,0.071261145,825.8261,-0.0005399396,4.1603446,368,0.60094786
84,4.0961423,0.05936791,-1.2538956,0.07235309,0.59099483,1217.8281,0.00014535582,3.5346532,0.3111942,0.0942755,-1.0807569,0.35136417,0.07174232,832.9341,-0.0005404469,4.169472,367,0.59903145
85,4.099023,0.060658105,-1.2646652,0.06036219,0.60201615,1240.5261,0.00014094573,3.5584311,0.31119466,0.09420781,-1.0800794,0.35128263,0.07172273,832.5241,-0.00054133096,4.1701226,366,0.5963559
86,4.0999923,0.06064327,-1.267394,0.055888318,0.5984047,1233.0581,0.00014259022,3.5588193,0.3117764,0.09415825,-1.0804853,0.35103324,0.07203071,836.0261,-0.00053909246,4.1708217,365,0.5936761
87,4.0984993,0.059390526,-1.2565597,0.06493832,0.590222,1216.2761,0.00014384932,3.5345263,0.31197894,0.09420954,-1.080685,0.35059097,0.072127566,837.0321,-0.00053952227,4.171759,364,0.59114313
88,4.0988703,0.059329867,-1.2555952,0.06511644,0.58930093,1214.3481,0.00014410932,3.5351727,0.31228808,0.09407987,-1.0811646,0.34996602,0.07225404,838.1341,-0.00053935417,4.1726494,363,0.58879185
89,4.097396,0.060644474,-1.2581149,0.068961374,0.6050563,1246.7821,0.00014253332,3.5583348,0.31238803,0.094112776,-1.0817033,0.34909692,0.072124645,835.0341,-0.0005386434,4.1713524,362,0.58616257
90,4.101586,0.0605949,-1.2718759,0.049285203,0.59242725,1220.7761,0.00014311336,3.5591533,0.31103328,0.09459856,-1.0782769,0.35456598,0.0724509,840.5261,-0.00053737615,4.182462,361,0.58358383
91,4.09874,0.06063197,-1.2612427,0.062431544,0.6017672,1239.9421,0.00014180053,3.5584633,0.3113791,0.094446,-1.0782193,0.35448602,0.07272749,844.5261,-0.00053719257,4.1814365,360,0.58117104
92,4.0958867,0.059218835,-1.2509559,0.07433748,0.5895102,1214.6342,0.00014568582,3.5346029,0.31052414,0.09218601,-1.0828654,0.3471771,0.07098085,827.9261,-0.0005341643,4.1607738,359,0.5783963
93,4.0980673,0.060632054,-1.2569915,0.06702897,0.60365176,1243.8822,0.0001408641,3.5586636,0.3096866,0.09268729,-1.080462,0.35005024,0.07149757,834.9301,-0.0005332073,4.171322,358,0.5762043
94,4.0966587,0.059420377,-1.2538502,0.07203693,0.590509,1216.8202,0.00014404416,3.534154,0.31137642,0.09424911,-1.0782615,0.35441133,0.07265397,843.0341,-0.0005350734,4.1809735,357,0.57356596
95,4.0966306,0.05864452,-1.2383662,0.078501426,0.58460915,1204.6681,0.00014732075,3.536159,0.31060424,0.09360226,-1.0789803,0.35283092,0.07239267,841.3341,-0.0005308208,4.182847,356,0.57207584
96,4.096744,0.059302606,-1.2511503,0.07224654,0.5893464,1214.4321,0.00014601165,3.5343025,0.3097383,0.09342337,-1.0778174,0.35344982,0.07214501,840.4361,-0.00053237216,4.181863,355,0.5683074
97,4.098492,0.059413426,-1.2538929,0.06796664,0.5893172,1214.3782,0.00014516198,3.5358016,0.30987707,0.093220346,-1.0777689,0.35437366,0.07241356,845.2301,-0.00053406873,4.1810718,354,0.56554794
98,4.098731,0.059434388,-1.2569745,0.064616986,0.589342,1214.4281,0.00014619541,3.5352235,0.30945182,0.09306888,-1.0782926,0.35356098,0.07218242,842.5301,-0.0005316133,4.181927,353,0.56260395
99,4.0972395,0.06060471,-1.2542341,0.07160029,0.6037563,1244.0662,0.00014489799,3.5574663,0.3102769,0.09308228,-1.0785233,0.35257566,0.072646216,848.0241,-0.00052943506,4.183349,352,0.56019497
100,4.0978417,0.060636036,-1.25686,0.06866434,0.6029779,1242.4801,0.00014326826,3.5579877,0.31043336,0.093129694,-1.0785744,0.35332078,0.07257432,845.8301,-0.0005300277,4.1815042,351,0.5575042
101,4.095406,0.059314404,-1.2495152,0.07565206,0.5892702,1214.2041,0.00014831248,3.5342243,0.3105612,0.092973,-1.0790076,0.35232884,0.07254636,844.6341,-0.00052803085,4.1820335,350,0.5551176
102,4.099426,0.060645126,-1.2631419,0.060147867,0.5976146,1231.4362,0.00014568168,3.5591643,0.3099798,0.09366536,-1.076325,0.35610127,0.07318835,853.0321,-0.00052879384,4.192213,349,0.55354786
103,4.096553,0.05927878,-1.2499626,0.07445151,0.5883627,1212.3622,0.00014371498,3.5353947,0.30956498,0.093461715,-1.0752397,0.35647595,0.07300614,851.3261,-0.0005296831,4.190902,348,0.55082417
104,4.096637,0.05934303,-1.2511495,0.07214656,0.5890331,1213.7162,0.00014699748,3.5351167,0.31033152,0.09354146,-1.0774565,0.3553525,0.07338108,855.2361,-0.0005262379,4.1917734,347,0.54864216
105,4.0998435,0.060538482,-1.2629858,0.05928045,0.59559494,1227.1962,0.00014532398,3.5585933,0.3106326,0.0935581,-1.0768632,0.35500598,0.073462255,855.4281,-0.00052691984,4.193146,346,0.546566
106,4.099294,0.060687974,-1.2621489,0.060461145,0.5978014,1231.7981,0.00014492891,3.5591702,0.3105897,0.09354596,-1.0758938,0.35537487,0.07343314,855.0341,-0.0005266032,4.1930532,345,0.54424524
107,4.097932,0.059321564,-1.2520103,0.069239095,0.58790433,1211.4602,0.00014984052,3.5355427,0.31049404,0.09332624,-1.0773803,0.35524905,0.07361811,859.2321,-0.0005265,4.194386,344,0.5421133
108,4.097947,0.059450395,-1.2549614,0.06899586,0.58918005,1214.0602,0.00014647198,3.5349793,0.31065816,0.09326843,-1.0772221,0.35498837,0.073504254,856.1301,-0.00052538654,4.1935287,343,0.5397463
109,4.098746,0.059459787,-1.254229,0.06659916,0.5888234,1213.3362,0.0001476213,3.5353894,0.31010577,0.09394805,-1.0749542,0.3579779,0.0739436,860.23413,-0.0005258377,4.2085795,342,0.5373182
110,4.1014667,0.060700685,-1.269398,0.05199736,0.5901678,1216.0461,0.00014585577,3.5594187,0.3104326,0.0940274,-1.0749736,0.35861197,0.07413576,862.6261,-0.00052580744,4.2017303,341,0.535161
111,4.0952435,0.059347216,-1.2488801,0.07631782,0.58893114,1213.4541,0.00014765581,3.5343876,0.31011036,0.09381569,-1.0750048,0.35871962,0.07401479,861.73413,-0.00052469276,4.2007127,340,0.53266764
112,4.0992546,0.059470665,-1.254577,0.06499019,0.5886102,1212.8181,0.00014463399,3.5358346,0.31213826,0.09327547,-1.0789496,0.35311833,0.07396093,858.2281,-0.00052477565,4.1949987,339,0.5309806
113,4.095963,0.059343137,-1.2495134,0.076086216,0.5887859,1213.2461,0.00014798249,3.5349379,0.3106032,0.09363672,-1.0749722,0.35748404,0.07433168,865.73413,-0.00052353373,4.2039237,338,0.5294452
114,4.0958734,0.059297156,-1.2501825,0.07403626,0.5881386,1211.8622,0.00014855938,3.5349016,0.31035924,0.09366198,-1.0744479,0.35905308,0.074168906,863.6301,-0.00052484235,4.2028804,337,0.5266938
115,4.0963907,0.059283607,-1.2489687,0.0757656,0.5880513,1211.6921,0.00014798249,3.53496,0.3107562,0.09362057,-1.0755178,0.35705405,0.07420127,862.3341,-0.00052217155,4.203007,336,0.52419186
116,4.096189,0.059427105,-1.2486255,0.07589346,0.589339,1214.3782,0.00014929415,3.5349915,0.31086305,0.09341526,-1.0749214,0.35655364,0.074572966,869.3301,-0.0005229887,4.2064123,335,0.5226083
117,4.0972815,0.059437733,-1.2512985,0.0729318,0.5887138,1213.1241,0.00014988598,3.534654,0.31169418,0.09349728,-1.0767868,0.35480958,0.074619904,866.2241,-0.0005216902,4.2053704,334,0.51962423
118,4.095775,0.059006814,-1.2533944,0.08903566,0.58410686,1203.6201,0.00014667165,3.5328937,0.31010586,0.0939736,-1.0725049,0.360669,0.07483441,870.92413,-0.00052150886,4.2122664,333,0.51774025
119,4.0994587,0.060688768,-1.2620665,0.06179535,0.59621227,1228.5822,0.00014752534,3.5594866,0.30983523,0.09382963,-1.0731816,0.35939708,0.07478986,871.3241,-0.0005199167,4.2135468,332,0.51639414
120,4.098394,0.059450127,-1.25195,0.068901815,0.5882523,1212.1902,0.00014830865,3.535407,0.3103904,0.09396415,-1.0746671,0.359137,0.074982904,872.5241,-0.0005202723,4.2138424,331,0.514091
121,4.100027,0.060599685,-1.261258,0.059026442,0.59365726,1223.2902,0.00014786942,3.5599318,0.31054118,0.093875304,-1.074891,0.35860637,0.07509392,874.0221,-0.00052016886,4.214857,330,0.5118575
122,4.0991845,0.059455805,-1.2528579,0.06573097,0.58811295,1211.8701,0.00014673531,3.5355737,0.31089902,0.093904935,-1.0734632,0.35956946,0.07523977,875.2241,-0.0005217316,4.214393,329,0.5095086
123,4.095188,0.05927745,-1.2463129,0.078185335,0.5880895,1211.7921,0.00015060499,3.5347779,0.3114469,0.09387367,-1.0739527,0.35867417,0.075318865,874.1261,-0.00051767775,4.215065,328,0.5072999
124,4.1013227,0.06069414,-1.2678505,0.053272977,0.5894352,1214.5201,0.00014754041,3.559203,0.31139982,0.09379249,-1.0740184,0.35831657,0.07527803,873.5241,-0.0005172537,4.2155657,327,0.50509596
125,4.0986347,0.060647976,-1.2569112,0.06648885,0.5981336,1232.3921,0.00014477306,3.5585723,0.31155273,0.09368585,-1.0747817,0.35667616,0.07525645,872.3221,-0.0005153283,4.214644,326,0.5029998
126,4.09554,0.05937924,-1.2483537,0.076771244,0.58826166,1212.1141,0.00014863831,3.5339825,0.31159726,0.09356403,-1.0736203,0.35842603,0.07562942,879.62213,-0.000515686,4.217857,325,0.5013728
127,4.096581,0.059392385,-1.2476982,0.07521716,0.58805734,1211.7322,0.00014798249,3.534963,0.3120009,0.09345409,-1.0730113,0.35851642,0.07544528,873.9221,-0.0005140264,4.21536,324,0.49853706
128,4.0981727,0.060656056,-1.2549881,0.068743594,0.59908915,1234.4562,0.00014616767,3.5587234,0.31029016,0.09385913,-1.069966,0.36364678,0.07597229,885.62213,-0.00051443157,4.2251534,323,0.49748802
129,4.0960765,0.059349198,-1.246754,0.07574241,0.58792233,1211.4121,0.00014896748,3.5351985,0.3107272,0.09384502,-1.0702701,0.36270127,0.07608521,885.7221,-0.00051377993,4.2258754,322,0.49534845
130,4.098409,0.060767643,-1.2577775,0.06665831,0.5985828,1233.3701,0.00014561061,3.5589418,0.31064102,0.09372813,-1.0700718,0.36301735,0.07602909,885.0221,-0.0005149604,4.225191,321,0.49308872
131,4.097181,0.05945421,-1.2488573,0.07311874,0.5880241,1211.5802,0.000151225,3.53544,0.31109175,0.09369735,-1.0706412,0.36197513,0.07632334,888.7221,-0.0005137614,4.2283792,320,0.4910431
132,4.096592,0.05939286,-1.2482022,0.07433194,0.5876771,1210.8601,0.00014831248,3.5347314,0.30982277,0.09411525,-1.0673764,0.36664766,0.076476365,890.7221,-0.0005122542,4.2370195,319,0.48913717
133,4.0995913,0.060712464,-1.260343,0.061894633,0.59415096,1224.2262,0.0001496304,3.5595298,0.31011984,0.09398978,-1.06689,0.36695665,0.07657443,891.2221,-0.00051169586,4.236808,318,0.48699045
134,4.096908,0.05936875,-1.2475687,0.073305406,0.5871285,1209.8091,0.0001521027,3.5355582,0.31028008,0.093903854,-1.0681559,0.36564445,0.076825805,895.5213,-0.00050942507,4.2357345,317,0.48549366
135,4.0980716,0.059460323,-1.2496327,0.07035398,0.5875409,1210.661,0.00015065633,3.5360029,0.31044123,0.09381038,-1.0684658,0.36504576,0.07678224,893.8213,-0.0005110412,4.235935,316,0.4835286
136,4.0980763,0.059450623,-1.2491556,0.070950136,0.58702314,1209.5791,0.00015168417,3.5352454,0.31114906,0.09385262,-1.0689646,0.36443356,0.07679576,890.5213,-0.00050964596,4.2365417,315,0.480927
137,4.0989776,0.059565883,-1.2514057,0.06715473,0.58780646,1211.2151,0.00014856287,3.5357068,0.31146657,0.09378494,-1.0693524,0.36346495,0.0770872,894.8213,-0.0005094934,4.236966,314,0.47968864
138,4.1012287,0.060700636,-1.2643577,0.05644448,0.58792776,1211.4711,0.0001490475,3.559191,0.3084718,0.09269129,-1.0685183,0.36425555,0.07625262,892.9213,-0.00050679693,4.236219,313,0.4782238
139,4.099114,0.05953726,-1.2510755,0.067779236,0.58738106,1210.331,0.00014904079,3.535187,0.30881524,0.09278696,-1.07021,0.36396992,0.076436825,894.9213,-0.0005049345,4.236912,312,0.4760704
140,4.097497,0.06064491,-1.250591,0.0715679,0.59969306,1235.7051,0.00014806128,3.5588887,0.30866137,0.092651375,-1.068747,0.36419052,0.076343805,893.8213,-0.00050681207,4.235136,311,0.4738407
141,4.0964527,0.059482407,-1.2469392,0.07581258,0.5879356,1211.483,0.00014993928,3.5352576,0.30885673,0.09258941,-1.068478,0.36335012,0.07646248,895.2213,-0.00050489703,4.236186,310,0.47187853
142,4.0955424,0.059359074,-1.246274,0.07780563,0.5872656,1210.113,0.00015092506,3.5351562,0.30899504,0.092482015,-1.0695062,0.36249894,0.07649239,895.1193,-0.0005050336,4.2369924,309,0.4699998
143,4.0963273,0.059445,-1.2469558,0.07460897,0.5874728,1210.5011,0.00014993928,3.535686,0.30978468,0.09250566,-1.0708593,0.3618842,0.07667396,894.8173,-0.00050365593,4.2372103,308,0.46736526
144,4.09785,0.060785122,-1.2541778,0.0700617,0.59842944,1233.209,0.00014885473,3.558495,0.31023735,0.09263438,-1.0688462,0.36190784,0.07690535,897.2213,-0.00050287833,4.238689,307,0.46637964
145,4.0952435,0.05931553,-1.2445139,0.08027051,0.5875753,1210.697,0.00015125003,3.5351062,0.31056485,0.093230665,-1.0674037,0.36499465,0.07792528,908.8213,-0.00050228223,4.2494855,306,0.4655223
146,4.097307,0.059485164,-1.2475928,0.07312418,0.5873091,1210.149,0.000153111,3.5351796,0.31070542,0.09324638,-1.0682391,0.36420962,0.07792585,908.1193,-0.0005026242,4.2490497,305,0.46252918
147,4.100963,0.060774174,-1.2644551,0.055651587,0.5882039,1212.005,0.00015080435,3.5596633,0.31007612,0.09302913,-1.0680565,0.36454633,0.077545986,903.6213,-0.0005009553,4.247944,304,0.459857
148,4.096537,0.05810555,-1.2437623,0.07592398,0.5721052,1178.863,0.00015420317,3.5118923,0.30897874,0.093536854,-1.0645483,0.36924475,0.078037076,911.8213,-0.000500726,4.256946,303,0.45839167
149,4.0988584,0.059602086,-1.2507964,0.06865136,0.5875604,1210.687,0.0001504469,3.5359397,0.31072068,0.09290948,-1.0688869,0.36293155,0.07801131,909.7213,-0.0004998503,4.2504134,302,0.45588875
150,4.101106,0.060719904,-1.2639637,0.054877978,0.58681,1209.1511,0.0001512309,3.5597422,0.30940613,0.0933837,-1.064172,0.36875057,0.07827386,914.42126,-0.00050032476,4.257415,301,0.4540081
151,4.095266,0.05939973,-1.2451947,0.078598365,0.5871332,1209.8251,0.00015293492,3.5345676,0.309279,0.0932659,-1.0652835,0.36695343,0.07823686,914.3213,-0.000500168,4.2568417,300,0.4521718
152,4.099109,0.05943795,-1.2486094,0.07052765,0.5854476,1206.3291,0.00015133286,3.535321,0.30955082,0.093195215,-1.0661373,0.3666976,0.07837098,915.6213,-0.00049938704,4.258251,299,0.45008707
153,4.0975337,0.058233846,-1.2442915,0.07248631,0.5723406,1179.3171,0.00015256579,3.5118718,0.30972406,0.0931835,-1.066227,0.36464936,0.07815205,910.1173,-0.0004977633,4.272272,298,0.44746447
154,4.0996823,0.05951312,-1.2502359,0.067969136,0.5835895,1202.4851,0.0001506989,3.5357316,0.30965966,0.09317638,-1.0660673,0.36704004,0.07849748,917.6213,-0.0004987931,4.2600584,297,0.44642496
155,4.0977845,0.0606971,-1.2509263,0.07197229,0.5971897,1230.509,0.00015031849,3.5591903,0.31017938,0.093215846,-1.0675037,0.3654189,0.07856608,916.3213,-0.0004977483,4.2588687,296,0.44436693
156,4.098343,0.060732495,-1.2544352,0.06799946,0.59529,1226.607,0.00015014294,3.5591094,0.31010738,0.09303679,-1.0658088,0.36648747,0.07871561,919.7173,-0.00049816136,4.260732,295,0.4421997
157,4.0992637,0.060781643,-1.2582158,0.064694755,0.59243333,1220.733,0.00015294943,3.558359,0.31014833,0.09293633,-1.065843,0.36702952,0.07860824,917.3213,-0.00049711554,4.2596836,294,0.43984652
158,4.098707,0.06075922,-1.2555835,0.06763837,0.5942745,1224.541,0.00014977454,3.5591671,0.30995432,0.092806704,-1.0655215,0.3670367,0.07856909,917.5213,-0.000496951,4.25996,293,0.438025
159,4.097736,0.059514172,-1.2470056,0.073065326,0.58646,1208.4451,0.00015480167,3.5357769,0.30922192,0.09318603,-1.0618888,0.37194592,0.07897653,922.2213,-0.00049571856,4.266368,292,0.43615103
160,4.097732,0.059508298,-1.2449065,0.07498683,0.5864917,1208.5171,0.00015434003,3.5356805,0.30900225,0.09307452,-1.062124,0.3712016,0.07903966,924.6213,-0.00049520354,4.2683096,291,0.434896
161,4.097884,0.05950856,-1.2466291,0.07283952,0.5862054,1207.9131,0.00015401475,3.5357478,0.30941182,0.09307641,-1.0624815,0.37046733,0.078986086,921.4173,-0.00049515907,4.2668605,290,0.4326496
162,4.0986643,0.059558462,-1.2486466,0.0692101,0.5860037,1207.4911,0.0001519743,3.5363426,0.30988875,0.09304207,-1.0637168,0.36879525,0.0794611,928.5213,-0.00049372803,4.269888,289,0.43105984
163,4.098542,0.059531827,-1.2469778,0.07277018,0.5861108,1207.707,0.00015253862,3.5359037,0.3099708,0.092944056,-1.0634296,0.36965477,0.0793041,924.92126,-0.00049396994,4.268189,288,0.42845154
164,4.096665,0.058200497,-1.2421737,0.0760008,0.5720968,1178.837,0.00015484799,3.511737,0.30937794,0.09283852,-1.0620816,0.37084264,0.07932029,928.3213,-0.0004934284,4.2696314,287,0.4273219
165,4.096602,0.058118463,-1.2419567,0.07537252,0.57115835,1176.9131,0.00015622328,3.5118234,0.30926687,0.09263739,-1.0624536,0.36970767,0.07932691,929.0213,-0.00049347937,4.270133,286,0.42546415
166,4.098754,0.059470344,-1.2464461,0.07171308,0.5853131,1206.0891,0.00015302263,3.5364373,0.3086715,0.09304862,-1.059846,0.37376264,0.079865195,935.72125,-0.00049304427,4.278028,285,0.4237604
167,4.097352,0.058222342,-1.2432439,0.07356849,0.5715956,1177.8131,0.00015437714,3.5116718,0.3098718,0.092337325,-1.0625912,0.3696351,0.0794498,928.3213,-0.00049129844,4.2701583,284,0.42115307
168,4.0996056,0.059583366,-1.2497617,0.06809089,0.5827316,1200.733,0.00015211623,3.5364387,0.3090171,0.092855714,-1.0604198,0.3729234,0.07993135,935.2193,-0.0004899703,4.278086,283,0.41984653
169,4.096763,0.058226433,-1.2423948,0.0753588,0.5713648,1177.2771,0.0001576694,3.5120158,0.31043682,0.09312694,-1.0618422,0.37090722,0.08052769,939.81726,-0.00048862473,4.28054,282,0.41837025
170,4.0982714,0.060760945,-1.2533307,0.06794819,0.5939078,1223.7511,0.00015177483,3.5593078,0.3103559,0.0929336,-1.0617461,0.37147683,0.0804433,938.5213,-0.00049012154,4.280492,281,0.41610003
171,4.0979195,0.06078487,-1.251596,0.070766024,0.59496146,1225.963,0.00015285687,3.5593076,0.30940452,0.09344252,-1.058767,0.37504935,0.08088915,945.22327,-0.00048796774,4.289666,280,0.414886
172,4.098444,0.060787432,-1.2525581,0.06863794,0.59335756,1222.6571,0.0001522799,3.5600696,0.30946496,0.09353475,-1.0576602,0.37508357,0.0811253,949.72125,-0.0004895071,4.2905846,279,0.41364193
173,4.0966625,0.059515074,-1.2445241,0.07621471,0.5858655,1207.2351,0.00015339284,3.5349867,0.30972186,0.09323736,-1.0610378,0.37273058,0.0807559,940.8213,-0.00048537354,4.2877727,278,0.41055536
174,4.0971856,0.059487812,-1.2432922,0.075113274,0.5853308,1206.103,0.00015655009,3.5355856,0.30980247,0.09322927,-1.0595067,0.37345332,0.08095952,944.52124,-0.00048672335,4.2892013,277,0.4089465
175,4.097858,0.060753185,-1.2502955,0.0717347,0.5947636,1225.571,0.0001535458,3.559736,0.31016478,0.09315973,-1.0605233,0.37200898,0.081228994,948.02124,-0.0004856499,4.2907267,276,0.40740013
176,4.098089,0.059599232,-1.2458693,0.072596714,0.58562315,1206.7471,0.00015585638,3.5360634,0.30953443,0.09377964,-1.0590953,0.37639135,0.08163226,952.22125,-0.00048513882,4.2953706,275,0.4059677
177,4.0989666,0.059632096,-1.2468913,0.07067362,0.5839912,1203.395,0.00015467203,3.5360901,0.30935052,0.09354773,-1.0579976,0.3763628,0.081806704,956.7173,-0.00048458157,4.2988315,274,0.40443897
178,4.0979004,0.0596125,-1.2447385,0.07249362,0.5857799,1207.1011,0.00015577905,3.5356898,0.3096745,0.09352896,-1.057151,0.37610754,0.081818886,955.21924,-0.00048427333,4.299122,273,0.4010334
179,4.098518,0.060003888,-1.2498364,0.061251402,0.5811235,1197.5051,0.00015636219,3.5353837,0.3109555,0.09343856,-1.0626945,0.37062913,0.08237447,959.52124,-0.000480275,4.3018737,272,0.40016317
180,4.096166,0.058221042,-1.2423767,0.07615515,0.5711698,1176.9791,0.00015822942,3.5118635,0.30974582,0.093432374,-1.0569267,0.37706816,0.081743784,953.3213,-0.00048434272,4.297462,271,0.39811468
181,4.0975676,0.05826142,-1.2416149,0.07311688,0.5706642,1175.9551,0.0001554998,3.5120137,0.31037575,0.09344714,-1.0589899,0.37444568,0.08215946,958.3212,-0.0004835389,4.3008065,270,0.39641666
182,4.097034,0.05817529,-1.2394876,0.07569744,0.57015944,1174.9131,0.00015636932,3.5121477,0.31017005,0.09327054,-1.0584223,0.37444362,0.08213528,958.92126,-0.00048234063,4.300264,269,0.394691
183,4.0953155,0.05932225,-1.2396326,0.08083953,0.5842969,1204.0491,0.00015637187,3.5353281,0.3093713,0.09373201,-1.0558801,0.37845987,0.08258148,964.92126,-0.00048178507,4.30849,268,0.39310217
184,4.0982347,0.060855735,-1.253823,0.06886472,0.59334755,1222.655,0.00015378401,3.5580888,0.30900192,0.09365542,-1.0543777,0.37953934,0.082585536,967.0192,-0.00048251217,4.308785,267,0.3917184
185,4.0956516,0.059388522,-1.2413181,0.07931476,0.58447576,1204.311,0.00015616229,3.5354755,0.30950642,0.0936733,-1.0551741,0.37883085,0.08262286,965.0192,-0.00048206502,4.3080006,266,0.38962698
186,4.0960665,0.05948435,-1.241094,0.0782843,0.584915,1205.165,0.00015513111,3.5357542,0.3084695,0.09407588,-1.0524035,0.38320565,0.083110176,973.2172,-0.00048123984,4.3164268,265,0.38852882
187,4.096711,0.059540447,-1.2421604,0.07639051,0.5850522,1205.4551,0.00015874031,3.535876,0.31027785,0.09370275,-1.0568707,0.37737203,0.08296372,967.71924,-0.00048069234,4.3096137,264,0.3860588
188,4.0997453,0.060852144,-1.2567397,0.06312596,0.5875598,1210.6731,0.00015713471,3.5586476,0.3087672,0.09399306,-1.0533997,0.38222182,0.08318677,973.1212,-0.00048011224,4.3161507,263,0.38467693
189,4.098101,0.059563152,-1.2444075,0.07358676,0.5849099,1205.223,0.00015632427,3.5353277,0.3087807,0.093768954,-1.0526954,0.38246715,0.08324071,974.1212,-0.00047905327,4.318187,262,0.38289356
190,4.0959306,0.058188632,-1.2383,0.07706941,0.57013845,1174.7651,0.00016079408,3.5125525,0.3093579,0.093784034,-1.0517739,0.3828257,0.083593555,978.1212,-0.00047915583,4.3192225,261,0.38163948
191,4.09813,0.059549432,-1.2435108,0.07495662,0.5846593,1204.707,0.000156818,3.5352476,0.30893424,0.093565226,-1.0520637,0.38200423,0.083242975,973.3212,-0.00047867472,4.317512,260,0.38012552
192,4.097992,0.059658755,-1.2432168,0.07582385,0.58528036,1205.937,0.00015778994,3.5353172,0.3097297,0.09358307,-1.0528154,0.380668,0.08361157,976.42126,-0.00047877428,4.319372,259,0.37771416
193,4.096003,0.058114763,-1.2386378,0.07713279,0.56948954,1173.3951,0.00016146083,3.5120704,0.30725226,0.092522286,-1.0532901,0.38036373,0.08272299,971.92126,-0.0004749507,4.317013,258,0.37621307
194,4.0962505,0.05816858,-1.2393287,0.076482326,0.56974226,1173.915,0.00016108049,3.5120978,0.3089812,0.09406321,-1.0517586,0.3828726,0.08415651,984.22125,-0.0004767679,4.327322,257,0.3748207
195,4.0975523,0.05833086,-1.2436086,0.07209192,0.5707765,1176.149,0.00015581152,3.5120015,0.30796915,0.09209962,-1.0455294,0.38442308,0.08585293,1009.4212,-0.00046336907,4.3504877,256,0.37270594
196,4.0992246,0.059618704,-1.2478241,0.06909343,0.5813612,1197.9811,0.00015687017,3.536452,0.30770248,0.09233931,-1.0532463,0.38102624,0.082919195,973.42126,-0.00047175237,4.318642,255,0.37206697
197,4.0981245,0.0608278,-1.2515604,0.06843788,0.59201753,1219.905,0.00015588064,3.5598345,0.3078706,0.092251234,-1.0537872,0.37964448,0.08316753,977.5192,-0.00047149026,4.3197947,254,0.36919594
198,4.09635,0.059509728,-1.2406105,0.077093035,0.5843788,1204.145,0.00015623863,3.5359082,0.30709836,0.09275999,-1.0518479,0.3830198,0.08352752,981.8212,-0.00047056552,4.3249907,253,0.36735487
199,4.096007,0.059496198,-1.2406645,0.07772247,0.5841855,1203.733,0.00015717442,3.5361214,0.30872414,0.09396967,-1.048445,0.38648453,0.084977165,994.9212,-0.0004718748,4.3371263,252,0.36553383
200,4.0972385,0.05956958,-1.2414907,0.07590124,0.5840767,1203.4391,0.00016003259,3.5360796,0.3075748,0.09253298,-1.0519191,0.38237688,0.083654106,981.72125,-0.00046995917,4.3276777,251,0.36298752
201,4.096583,0.059479374,-1.2394154,0.07758647,0.58377385,1202.9011,0.00015739306,3.5365956,0.30747932,0.09252861,-1.052839,0.38125378,0.08398256,988.9212,-0.0004689448,4.3296585,250,0.3627162
202,4.0965323,0.0594568,-1.2381424,0.07838391,0.58336395,1202.097,0.00015755066,3.536102,0.30753165,0.09243779,-1.0517973,0.3823278,0.083987385,988.72125,-0.00046877138,4.329731,249,0.36093807
203,4.0998425,0.060902532,-1.2571524,0.060252782,0.5857922,1207.0951,0.00015922273,3.5605402,0.3077937,0.092389956,-1.0519674,0.38191673,0.084039964,988.3212,-0.00046845226,4.3297276,248,0.3583746
204,4.100153,0.0608828,-1.2576792,0.05993915,0.5846429,1204.707,0.00015929365,3.5602303,0.30671206,0.09276581,-1.0487204,0.38553658,0.08420035,990.22125,-0.0004677542,4.3460064,247,0.35650587
205,4.098511,0.059631247,-1.2440159,0.072472185,0.58240795,1200.081,0.00015844076,3.5360007,0.30683878,0.09270219,-1.0490046,0.3848793,0.08423061,990.1212,-0.0004675566,4.3460507,246,0.35473347
206,4.100255,0.06085883,-1.2584527,0.06071244,0.584202,1203.749,0.00015928072,3.5600111,0.30690497,0.09270568,-1.0491799,0.38627562,0.08434177,992.1212,-0.0004669553,4.335822,245,0.35335827
207,4.098542,0.059819665,-1.2466885,0.07151622,0.5827987,1200.843,0.00015854595,3.536052,0.3076042,0.09261061,-1.0480028,0.38479587,0.084845334,998.4212,-0.00046710117,4.3391266,244,0.35193443
208,4.097096,0.058221158,-1.2386616,0.07575391,0.5689517,1172.3031,0.00016160257,3.5125372,0.30737257,0.0925465,-1.0491343,0.38413674,0.08464346,995.6212,-0.0004671563,4.338447,243,0.35037088
209,4.0988574,0.059646975,-1.2443361,0.070592016,0.58102727,1197.207,0.00015921025,3.5363677,0.30769655,0.09240005,-1.0496509,0.38360706,0.08477872,996.52124,-0.00046568125,4.338951,242,0.34871006
210,4.0994434,0.059728343,-1.2483546,0.06774313,0.57966983,1194.395,0.0001585273,3.5368145,0.30783775,0.09235738,-1.0500947,0.38343307,0.084803306,996.22125,-0.00046490616,4.338832,241,0.34714317
211,4.097522,0.05833227,-1.2403018,0.07434327,0.56953514,1173.5211,0.0001603062,3.5123327,0.30670565,0.092782706,-1.0472741,0.38623378,0.08504274,1000.1192,-0.00046453567,4.351205,240,0.34579325
212,4.10008,0.059621423,-1.2486154,0.06506802,0.5769188,1188.7611,0.00015777253,3.5373812,0.30850515,0.09226822,-1.0508511,0.38199446,0.085107535,998.6212,-0.00046426474,4.340057,239,0.34366083
213,4.100298,0.059719406,-1.2510595,0.063570514,0.5763544,1187.5751,0.00015916296,3.5372102,0.3075398,0.09270766,-1.0473278,0.386126,0.08544438,1003.6212,-0.0004643116,4.346222,238,0.3423047
214,4.097696,0.058306865,-1.2388785,0.07461663,0.56896377,1172.331,0.00016108027,3.5128605,0.30773455,0.092778355,-1.0483298,0.38557273,0.085454464,1002.71924,-0.00046407667,4.3471723,237,0.34051037
215,4.0982943,0.060890093,-1.2502064,0.06794613,0.5897664,1215.1791,0.0001583332,3.5596983,0.307931,0.09278943,-1.0481697,0.38541222,0.08564724,1005.5172,-0.00046426622,4.348436,236,0.33913088
216,4.098398,0.06084675,-1.2494031,0.0680166,0.5892657,1214.109,0.0001587457,3.5604274,0.30793056,0.09272104,-1.0486717,0.38506904,0.08575589,1007.71924,-0.00046397356,4.3488545,235,0.33749342
217,4.096776,0.05949063,-1.2383374,0.076929376,0.58328027,1201.7671,0.00015700677,3.5375261,0.30764705,0.092608154,-1.0475273,0.38581413,0.0855342,1004.8212,-0.0004641241,4.348116,234,0.335536
218,4.0953765,0.058298912,-1.238497,0.080031134,0.56985176,1174.1011,0.00016495254,3.512238,0.30668232,0.09299998,-1.0452627,0.3896376,0.08594231,1011.3212,-0.0004634943,4.3546658,233,0.33433533
219,4.097601,0.05960835,-1.2394605,0.074642,0.5835669,1202.353,0.00016177386,3.5364969,0.3070817,0.092855684,-1.0449485,0.38905224,0.086055465,1011.3172,-0.00046204365,4.356306,232,0.33248663
220,4.0976944,0.059571024,-1.2415574,0.07387713,0.5833828,1201.987,0.00015812794,3.5366948,0.3071307,0.092719816,-1.0450901,0.38926357,0.08612287,1012.41724,-0.00046162255,4.3548365,231,0.33073568
221,4.097288,0.059512258,-1.2390331,0.07647763,0.58274084,1200.7871,0.00016138078,3.5361688,0.30718285,0.09261861,-1.0444717,0.38927114,0.08603601,1010.3212,-0.00046066294,4.3571134,230,0.32902813
222,4.098318,0.059674688,-1.243649,0.07071658,0.58199173,1199.201,0.00016060287,3.5370982,0.30763307,0.09249582,-1.0454484,0.38814136,0.08618744,1010.8212,-0.00045948153,4.357132,229,0.32739162
223,4.0988326,0.059599113,-1.2435551,0.07076814,0.5800099,1195.0951,0.00015998787,3.5373435,0.30741045,0.09243336,-1.0451238,0.38768563,0.086523876,1018.9212,-0.00046063893,4.35875,228,0.32648373
224,4.0994525,0.059637126,-1.2467697,0.06831056,0.57814384,1191.2131,0.00015961839,3.5363674,0.3073645,0.09242715,-1.045833,0.38794735,0.08628922,1014.4212,-0.00045963752,4.3567953,227,0.3247156
225,4.0975776,0.05835125,-1.2379788,0.07571079,0.5689924,1172.3611,0.00016154807,3.511769,0.3068659,0.09232488,-1.0363368,0.4004517,0.087185636,1028.2231,-0.00045905611,4.36559,226,0.3239398
226,4.097099,0.058316663,-1.2380404,0.075291894,0.5692312,1172.8691,0.00016214044,3.5124915,0.30620387,0.092643596,-1.0418375,0.39240673,0.086609095,1020.3212,-0.00045891022,4.363789,225,0.3223791
227,4.0976305,0.058350783,-1.2390927,0.07395619,0.5686124,1171.6271,0.00016087116,3.5127027,0.30676633,0.09266008,-1.044726,0.3898801,0.08689247,1022.8212,-0.00045775788,4.3650756,224,0.32067776
228,4.09782,0.058351044,-1.2389115,0.07411153,0.56830764,1171.003,0.00016393274,3.5124383,0.30697027,0.09255771,-1.0429053,0.3912389,0.08704366,1024.7192,-0.00045841635,4.365551,223,0.3187518
229,4.0972233,0.05831836,-1.2380745,0.07564852,0.56863046,1171.6711,0.00016233306,3.512563,0.30683503,0.0924437,-1.0425396,0.39083686,0.08697166,1024.0212,-0.0004574459,4.366119,222,0.31698132
230,4.1004157,0.059755556,-1.2494664,0.062703915,0.574725,1184.1891,0.00016036553,3.5374472,0.30766806,0.09267399,-1.0448775,0.38927197,0.08744019,1028.7212,-0.00045496202,4.367713,221,0.31544638
231,4.099883,0.059722446,-1.2468073,0.06581015,0.57628953,1187.399,0.00016041832,3.537336,0.30753338,0.09246638,-1.0442561,0.38984212,0.08719038,1024.4213,-0.00045408684,4.366235,220,0.3136649
232,4.097623,0.05836005,-1.2382352,0.074451424,0.5686548,1171.6631,0.00016146628,3.5130641,0.30804685,0.09258125,-1.0458174,0.3880903,0.08754928,1028.7212,-0.00045435727,4.3684926,219,0.31273174
233,4.0985146,0.060833525,-1.2488716,0.0683435,0.5874968,1210.493,0.00015981495,3.5603423,0.30714995,0.09286042,-1.0421226,0.39139855,0.08776013,1030.9211,-0.00045371923,4.3744354,218,0.31125164
234,4.096554,0.059610624,-1.2366542,0.077515915,0.5830496,1201.3411,0.00016036238,3.5369477,0.30742833,0.09287397,-1.0433499,0.39115542,0.08790419,1032.2212,-0.00045269067,4.3749437,217,0.3093729
235,4.097514,0.05959226,-1.2383465,0.07616918,0.58258784,1200.4431,0.00016221557,3.536698,0.30731502,0.09275604,-1.0416582,0.39216566,0.087837376,1031.5212,-0.00045332854,4.3755503,216,0.307909
236,4.0972185,0.05966704,-1.2400146,0.07550805,0.5831525,1201.603,0.0001637976,3.5363436,0.30733502,0.092756875,-1.0418705,0.39150208,0.08791202,1032.9211,-0.00045314222,4.3747954,215,0.30632544
237,4.0961285,0.058256812,-1.2369952,0.07748281,0.5683582,1171.1292,0.0001653854,3.5126073,0.3071155,0.09259281,-1.0414603,0.39266738,0.08786899,1033.3212,-0.00045232716,4.374654,214,0.30481386
238,4.0994105,0.06086074,-1.2510052,0.06489966,0.5844342,1204.265,0.00016330944,3.5604324,0.30702597,0.09255835,-1.0406104,0.3928031,0.08788744,1034.2212,-0.00045284335,4.375125,213,0.3037753
239,4.097883,0.05967102,-1.2417974,0.073130935,0.5821903,1199.665,0.0001626365,3.536594,0.30677468,0.09297273,-1.0392101,0.39303762,0.08846723,1040.0251,-0.00045178042,4.3970194,212,0.30217695
240,4.098708,0.059637185,-1.2422823,0.07103841,0.5791119,1193.2931,0.00016274283,3.536681,0.3065547,0.09279112,-1.0386693,0.3959618,0.08843425,1040.8212,-0.00045089272,4.3818593,211,0.2998171
241,4.0960374,0.058306865,-1.2359838,0.07787258,0.5686111,1171.6531,0.00016551337,3.5132294,0.3067747,0.09269355,-1.0386809,0.39496076,0.08851367,1041.1212,-0.0004513183,4.3837934,210,0.2978363
242,4.0961432,0.058265533,-1.2363039,0.076648034,0.5681363,1170.6631,0.00016599949,3.5129993,0.30664167,0.09276491,-1.0392001,0.39520827,0.088568226,1043.0192,-0.00045069997,4.383629,209,0.2968092
243,4.096508,0.05823702,-1.2357469,0.07661063,0.5675244,1169.3971,0.00016598582,3.513059,0.30607265,0.09304169,-1.0371569,0.39824474,0.0891021,1050.0212,-0.00044947866,4.387126,208,0.29568052
244,4.0994263,0.059732735,-1.2468523,0.06720998,0.5765822,1188.025,0.0001621147,3.5368202,0.30640513,0.093066126,-1.0370067,0.3972321,0.089213826,1050.2212,-0.0004493718,4.3953056,207,0.29438877
245,4.0997896,0.05960841,-1.246651,0.069006085,0.5756346,1186.071,0.00016220537,3.5369992,0.3074729,0.09365862,-1.0353963,0.39956602,0.090414114,1061.0211,-0.0004473071,4.399712,206,0.29300356
246,4.098731,0.060893934,-1.2492249,0.06688196,0.58585745,1207.2151,0.00016233345,3.560635,0.30824727,0.09297667,-1.0387868,0.3952118,0.09018123,1058.9252,-0.00044754287,4.3954945,205,0.29127502
247,4.0973125,0.059578933,-1.23658,0.07661087,0.581818,1198.9011,0.0001651338,3.5372283,0.3071003,0.0932334,-1.0353363,0.39834946,0.0904241,1063.4211,-0.00044807192,4.402298,204,0.2895398
248,4.09753,0.059734836,-1.2393248,0.07474184,0.58230084,1199.8351,0.00016493096,3.5369933,0.30801967,0.092738904,-1.0386825,0.3942555,0.09016452,1059.9211,-0.0004467953,4.3960147,203,0.28773308
249,4.0950375,0.058226407,-1.2334424,0.07953366,0.56791437,1170.159,0.00016779214,3.5130432,0.30738625,0.093255825,-1.0361729,0.3977709,0.090534054,1063.9211,-0.00044707127,4.403931,202,0.28637886
250,4.0978823,0.059751518,-1.2418929,0.072997086,0.5813565,1197.847,0.0001645831,3.5369632,0.3070849,0.09317472,-1.0362267,0.39832857,0.09039027,1062.8192,-0.00044688158,4.401392,201,0.28449726
251,4.0983343,0.058509883,-1.2373961,0.07221291,0.5683519,1171.0271,0.00016443439,3.513264,0.30744308,0.09309833,-1.0364107,0.3980767,0.090526134,1063.4211,-0.00044579807,4.401772,200,0.28252935
252,4.096164,0.058308348,-1.235211,0.07771791,0.5679793,1170.3151,0.0001670543,3.5129762,0.30634478,0.09273396,-1.0343547,0.39973596,0.09008909,1061.1232,-0.00044526384,4.400285,199,0.2810359
253,4.0971045,0.058350775,-1.2361071,0.07487788,0.5675466,1169.4331,0.00016460549,3.5130434,0.307029,0.0927346,-1.0349456,0.3989046,0.09035061,1062.3212,-0.00044562662,4.402105,198,0.2791996
254,4.0960665,0.05832324,-1.2366573,0.07628912,0.5675226,1169.3651,0.00016685294,3.5126827,0.30736467,0.09274556,-1.0355978,0.39701653,0.0907607,1068.6232,-0.00044490892,4.4047227,197,0.27804947
255,4.0982656,0.05966794,-1.2403988,0.07185314,0.5790337,1193.0731,0.00016470738,3.5370781,0.30764505,0.092741534,-1.0364928,0.3964583,0.09088363,1069.4211,-0.00044446436,4.4054623,196,0.27635908
256,4.098906,0.059693873,-1.241896,0.06898533,0.5766752,1188.2191,0.00016561247,3.5371044,0.30688897,0.09317415,-1.0346575,0.3997943,0.091129944,1071.7212,-0.0004422335,4.4094615,195,0.27484274
257,4.0969224,0.05841585,-1.2356675,0.0754178,0.567463,1169.2091,0.00016861282,3.5136886,0.3066203,0.09297254,-1.0346115,0.40033382,0.09109443,1072.6191,-0.00044320797,4.409357,194,0.27326155
258,4.0994415,0.059794813,-1.2463044,0.066822715,0.57549596,1185.7891,0.00016444684,3.5374234,0.30669773,0.092833586,-1.0343797,0.3999344,0.09127599,1075.8192,-0.00044207863,4.4114614,193,0.27151203
259,4.0990863,0.059672568,-1.2437009,0.06855596,0.57598174,1186.8071,0.00016460617,3.5372407,0.306672,0.09278946,-1.0333166,0.40064457,0.09127336,1075.9211,-0.00044233547,4.4119363,192,0.26994038
260,4.097554,0.058393423,-1.236738,0.07393705,0.5671913,1168.701,0.00016558007,3.5136395,0.30701983,0.092705555,-1.0328412,0.4003404,0.09140198,1076.4211,-0.00044288204,4.4123945,191,0.26814127
261,4.098013,0.058339607,-1.2352977,0.07351413,0.5663264,1166.9731,0.0001646804,3.514188,0.30728695,0.092687294,-1.0345175,0.39928174,0.09147756,1076.3212,-0.00044180642,4.41257,190,0.26732635
262,4.1003895,0.059714153,-1.246658,0.06379482,0.57129365,1177.2451,0.00016500907,3.5374043,0.3069036,0.093006395,-1.0326524,0.40123215,0.09201165,1082.2212,-0.00043834126,4.419303,189,0.26581907
263,4.1002355,0.059730373,-1.2468239,0.063750185,0.57244045,1179.5951,0.00016373093,3.5382016,0.30655745,0.09303449,-1.0313894,0.40145934,0.091804594,1080.0172,-0.00043870232,4.4293275,188,0.2640295
264,4.0962667,0.059627496,-1.2356454,0.07637178,0.581216,1197.6931,0.00016474255,3.5370364,0.30673584,0.09289364,-1.03217,0.40197086,0.091990456,1082.8171,-0.00043812967,4.418881,187,0.26241302
265,4.098476,0.06094587,-1.247361,0.06693605,0.5849496,1205.383,0.00016300888,3.5608833,0.30665252,0.09280313,-1.0317715,0.40214688,0.092044815,1084.4211,-0.00043788573,4.4202204,186,0.26092005
266,4.0994473,0.061019864,-1.2522458,0.063256584,0.58200204,1199.3151,0.00016671141,3.5608847,0.306927,0.09270672,-1.0320411,0.40260214,0.09223108,1086.5211,-0.00043762056,4.4206367,185,0.25972366
267,4.0969324,0.059720196,-1.2347895,0.07767871,0.5816593,1198.5751,0.00016756782,3.5376399,0.30632743,0.09311772,-1.0287198,0.404987,0.09262854,1091.0211,-0.00043714943,4.427294,184,0.2591548
268,4.0970316,0.059623793,-1.23471,0.077651024,0.58082026,1196.8491,0.00016687263,3.5372562,0.30681768,0.09315603,-1.0309547,0.4031942,0.09276888,1090.8212,-0.0004358049,4.428895,183,0.25707197
269,4.0949755,0.05833582,-1.2344216,0.07710128,0.5672282,1168.7991,0.00017027168,3.5137525,0.30682608,0.09304649,-1.0304936,0.402565,0.092815764,1091.7212,-0.00043580128,4.4290886,182,0.25550318
270,4.095922,0.058374356,-1.2347925,0.07707678,0.5672766,1168.889,0.00016796117,3.513206,0.3071199,0.0924227,-1.0325975,0.40155762,0.09200851,1080.8212,-0.00043573813,4.418448,181,0.25319862
271,4.095818,0.058310922,-1.2344646,0.07610334,0.56649256,1167.3011,0.00016995973,3.513314,0.30740914,0.09228108,-1.031908,0.40078202,0.09241862,1087.3212,-0.00043528242,4.422156,180,0.25171518
272,4.0963974,0.058250688,-1.2331138,0.07752341,0.5658689,1165.967,0.00016827974,3.5139034,0.3065315,0.09267673,-1.0295838,0.4040914,0.09274642,1092.1211,-0.00043417257,4.4282417,179,0.2502246
273,4.0984445,0.059615854,-1.2383595,0.07242075,0.57700676,1188.951,0.00016671943,3.5378652,0.30694804,0.092120945,-1.0319809,0.40089148,0.09215638,1084.8212,-0.00043615032,4.4208684,178,0.24857044
274,4.0989666,0.05964322,-1.2410306,0.06901287,0.5755724,1186.0111,0.00016634254,3.5376618,0.30577514,0.092499316,-1.0294445,0.40476313,0.09254174,1092.6211,-0.0004361208,4.4284167,177,0.24763823
275,4.096571,0.058389347,-1.2353101,0.07555896,0.56680334,1167.951,0.00016776903,3.5135214,0.306182,0.092302844,-1.0288962,0.40438458,0.09290737,1097.5211,-0.0004327527,4.4303823,176,0.24635983
276,4.0971475,0.05834275,-1.2341182,0.07513848,0.56614,1166.5471,0.00016754259,3.5133483,0.30662897,0.092292055,-1.0296988,0.40339458,0.093132414,1099.3191,-0.00043267824,4.431598,175,0.24479342
277,4.0947795,0.058191687,-1.231091,0.08108981,0.56623596,1166.7151,0.00017040863,3.5135238,0.30675462,0.092064045,-1.0299989,0.40226674,0.09319643,1099.8152,-0.00043115395,4.4317617,174,0.24324179
278,4.100045,0.059759893,-1.2456933,0.06420591,0.57224834,1179.078,0.00016580083,3.5377467,0.30611855,0.092437685,-1.027927,0.4047618,0.09363359,1105.4147,-0.0004308691,4.4384947,173,0.24235773
279,4.098505,0.060902327,-1.2466952,0.067260586,0.5838456,1202.9707,0.00016541274,3.561435,0.30596372,0.09243174,-1.0283892,0.40586078,0.09361589,1106.0146,-0.00043055858,4.4382043,172,0.24072695
280,4.098777,0.061031703,-1.2492629,0.06532141,0.5836422,1202.5367,0.00016563853,3.5608425,0.30608687,0.09233764,-1.0278698,0.40538952,0.09365874,1106.1146,-0.00043034114,4.4384456,171,0.23944616
281,4.097125,0.059853256,-1.238456,0.07584003,0.5816789,1198.4847,0.00016846709,3.536762,0.3064779,0.092283085,-1.0284455,0.4044734,0.093626134,1103.0127,-0.0004293669,4.437232,170,0.23747253
282,4.0968394,0.059567455,-1.2332939,0.077466376,0.5796688,1194.3027,0.00016927086,3.5372744,0.30574313,0.092654616,-1.0260698,0.40757102,0.09417483,1111.5166,-0.00042953074,4.445814,169,0.23614073
283,4.0984726,0.060912386,-1.2463529,0.06741974,0.5834961,1202.1667,0.00016641626,3.56074,0.30611777,0.09269445,-1.0266367,0.40649766,0.09438916,1113.5167,-0.0004288422,4.446196,168,0.23489189
284,4.095485,0.05837226,-1.2350575,0.07552793,0.56605846,1166.2327,0.00017138528,3.5135098,0.30644676,0.0927514,-1.026667,0.40688333,0.09457896,1115.3147,-0.00043012184,4.447279,167,0.23326683
285,4.097212,0.05972187,-1.2352321,0.07646618,0.5805355,1196.0267,0.0001683659,3.5377352,0.30613676,0.09258061,-1.0260522,0.40702367,0.09444923,1114.6167,-0.00042933284,4.446758,166,0.23185539
286,4.0978703,0.05975455,-1.2382106,0.07134382,0.57813925,1191.1147,0.0001685857,3.5374918,0.30668244,0.09258761,-1.0267872,0.4064768,0.09469703,1116.2126,-0.00042893944,4.4469175,165,0.2304287
287,4.0983043,0.059721243,-1.2388159,0.07093606,0.57652164,1187.7627,0.00016883003,3.537528,0.3066865,0.09251057,-1.0268186,0.4060718,0.094772525,1117.7126,-0.00042910635,4.4480066,164,0.22871208
288,4.09615,0.05836202,-1.2327678,0.07466135,0.56539255,1164.8387,0.00017033682,3.5143442,0.30611736,0.09295586,-1.0245616,0.40925178,0.095222466,1123.2167,-0.00042771286,4.4536324,163,0.22733116
289,4.0991497,0.05982656,-1.2426112,0.066839814,0.5738222,1182.2367,0.0001685184,3.5382235,0.30656192,0.093026385,-1.0251945,0.40882793,0.09543064,1124.6167,-0.00042784348,4.454806,162,0.22596693
290,4.098939,0.059789788,-1.2412393,0.067804046,0.57444906,1183.5406,0.00016822893,3.5376296,0.30596074,0.0927549,-1.0242876,0.4092535,0.09514947,1122.7167,-0.00042738914,4.453733,161,0.22433662
291,4.099528,0.059827596,-1.2435654,0.06516234,0.572867,1180.3007,0.00016789603,3.5382524,0.30650476,0.092705645,-1.0242983,0.4087037,0.09543808,1125.1187,-0.00042741856,4.455219,160,0.2228632
292,4.099344,0.05974595,-1.2414972,0.06565262,0.57322955,1181.0607,0.00016804699,3.5390134,0.30617294,0.09245092,-1.023942,0.40893856,0.095330484,1125.0167,-0.00042576675,4.4551363,159,0.22114134
293,4.100156,0.05984175,-1.2459372,0.062350117,0.5707515,1175.9447,0.00016831796,3.5385714,0.305767,0.092928365,-1.0207918,0.41228852,0.0959027,1132.0187,-0.000426463,4.4623923,158,0.2200098
294,4.100764,0.059851207,-1.24698,0.060117494,0.56876564,1171.8727,0.0001671073,3.5384316,0.30572957,0.09281956,-1.0201586,0.41261292,0.09600879,1134.4187,-0.00042635616,4.46253,157,0.21871471
295,4.0974407,0.058439296,-1.2358795,0.07413026,0.5666222,1167.4227,0.0001692371,3.5141423,0.30722368,0.09301788,-1.0225483,0.4110238,0.09659807,1136.8167,-0.000423739,4.4643393,156,0.21758938
296,4.0988493,0.06071042,-1.2411956,0.06715004,0.58031446,1195.6687,0.0001688005,3.5622213,0.30684346,0.09285655,-1.022747,0.4106421,0.096498735,1137.2167,-0.0004232678,4.4646482,155,0.21493578
297,4.0990033,0.06100634,-1.2482294,0.06333793,0.58108526,1197.2727,0.000167794,3.561242,0.3054318,0.092996515,-1.0191678,0.4153205,0.09662032,1141.5146,-0.00042470932,4.4706593,154,0.21317387
298,4.097518,0.059681237,-1.2358359,0.07345493,0.57842904,1191.7987,0.00017017024,3.537823,0.30568245,0.09236904,-1.0204978,0.4133716,0.09605445,1135.6187,-0.0004242228,4.462614,153,0.21139956
299,4.095299,0.058219016,-1.2320043,0.07698851,0.5645544,1163.2267,0.00017329975,3.5141134,0.305643,0.09233446,-1.0199999,0.41309932,0.09622898,1139.4147,-0.0004239761,4.46507,152,0.21012735
300,4.0961876,0.058416523,-1.2337856,0.07638709,0.5657727,1165.7247,0.00017243729,3.512853,0.30509505,0.09262589,-1.0190011,0.4153769,0.09649921,1141.2167,-0.00042281215,4.4699926,151,0.2084775
301,4.098264,0.05977926,-1.2389147,0.07077279,0.5761466,1187.0867,0.00016959647,3.5385122,0.3061027,0.09227469,-1.0213553,0.41139838,0.09625694,1137.0146,-0.00042255726,4.4643917,150,0.20670795
302,4.095628,0.058380608,-1.2308605,0.07734147,0.5658308,1165.8047,0.00017422534,3.5145288,0.3062413,0.09217169,-1.0205499,0.41220316,0.09643428,1139.7167,-0.00042375422,4.4650826,149,0.20519114
303,4.0962954,0.058347818,-1.233088,0.07491969,0.5647904,1163.6487,0.00017305133,3.5140097,0.30518815,0.09243805,-1.0192902,0.41359332,0.09647607,1140.0206,-0.0004213134,4.479767,148,0.2035718
304,4.097096,0.058460727,-1.2336005,0.073264144,0.56501085,1164.0947,0.0001715661,3.513782,0.30560136,0.09237794,-1.0185277,0.41370666,0.09694135,1146.9147,-0.0004210316,4.4724135,147,0.20256138
305,4.0990553,0.059815604,-1.241603,0.06701279,0.57307005,1180.7227,0.00017016183,3.5384583,0.30500662,0.09280404,-1.0163335,0.41670838,0.09729799,1150.8167,-0.00042083336,4.4780354,146,0.20139408
306,4.0994635,0.059860088,-1.2434419,0.06655943,0.57185775,1178.2126,0.00017020965,3.5376654,0.30520242,0.09275375,-1.0167654,0.41577902,0.09732566,1150.0167,-0.0004179228,4.4857745,145,0.19961786
307,4.097397,0.058476266,-1.2332814,0.073780745,0.56495917,1164.0167,0.00017143057,3.513814,0.30642718,0.0924604,-1.0211254,0.41191033,0.0972197,1147.2186,-0.00041884594,4.472697,144,0.19811773
308,4.0976076,0.058451865,-1.2333376,0.07152593,0.56458837,1163.2427,0.00017107773,3.513729,0.30531597,0.09259031,-1.0176281,0.41545942,0.0973733,1150.3167,-0.00041787964,4.478714,143,0.19671774
309,4.1000504,0.05975174,-1.2425346,0.06286716,0.5691052,1172.5306,0.00017037852,3.5387204,0.3063423,0.09274724,-1.0192512,0.41421315,0.09804147,1157.2147,-0.00041746622,4.4806743,142,0.19541025
310,4.100517,0.059852738,-1.2470021,0.06161274,0.5679878,1170.2427,0.00016927657,3.538265,0.30617788,0.09262749,-1.0183159,0.41438156,0.09784615,1154.3167,-0.00041792117,4.4798455,141,0.19367027
311,4.100688,0.059818912,-1.2449408,0.061961208,0.56705564,1168.3167,0.00016978859,3.53904,0.3066765,0.09275333,-1.0196799,0.41264015,0.09816881,1157.6167,-0.0004181474,4.481956,140,0.19257927
312,4.1010604,0.059866384,-1.2471973,0.058002982,0.5661368,1166.4227,0.00016989915,3.5384543,0.3070989,0.092687,-1.0199279,0.41276655,0.098383844,1159.2147,-0.00041751954,4.4824133,139,0.1909337
313,4.098884,0.060960367,-1.2447783,0.06350163,0.5796794,1194.3267,0.00016941852,3.5624046,0.3061888,0.092965856,-1.0168551,0.41619965,0.09856116,1161.5167,-0.00041624397,4.488111,138,0.1893382
314,4.098919,0.06108093,-1.2474248,0.06254241,0.5799979,1194.9987,0.00016950889,3.561523,0.3062227,0.09289238,-1.0174153,0.41516128,0.09889192,1168.0167,-0.00041621726,4.4896836,137,0.18860579
315,4.0945477,0.05831712,-1.2312958,0.07589619,0.5641939,1162.4347,0.00017776141,3.5139842,0.3065558,0.09287463,-1.017789,0.41470236,0.09904962,1169.0187,-0.00041605943,4.490024,136,0.18707132
316,4.095595,0.058494307,-1.2339249,0.07473218,0.5650849,1164.2687,0.0001759265,3.5142958,0.30654374,0.09277705,-1.0170542,0.41577813,0.09900672,1168.2188,-0.00041551885,4.4897757,135,0.18522263
317,4.0976205,0.05981664,-1.23577,0.07177445,0.5767113,1188.2327,0.00017235367,3.538342,0.30594298,0.093181625,-1.0156535,0.41759574,0.099457294,1174.1167,-0.00041574723,4.4955716,134,0.18432522
318,4.097947,0.05976427,-1.2351354,0.07046929,0.57528013,1185.3007,0.00017260635,3.5385282,0.30598125,0.09307806,-1.0148622,0.4180546,0.099470645,1174.1167,-0.0004146149,4.496493,133,0.18293285
319,4.0993805,0.059886515,-1.2419837,0.06462137,0.57151115,1177.5627,0.00017156918,3.5387633,0.30723903,0.09280774,-1.019227,0.41337296,0.09924208,1168.4147,-0.00041517382,4.490365,132,0.18135834
320,4.0989428,0.059742473,-1.2385309,0.06554708,0.5721985,1178.9788,0.00017180563,3.538669,0.30616537,0.09301916,-1.0170956,0.41631594,0.09956598,1174.8167,-0.00041367844,4.4971766,131,0.18028307
321,4.096272,0.05839681,-1.2305927,0.0751333,0.564413,1162.9287,0.0001751735,3.5149448,0.30629793,0.09298142,-1.0167434,0.41625014,0.099648185,1175.6167,-0.00041441753,4.4974065,130,0.17861605
322,4.0966535,0.058430377,-1.2329327,0.07255542,0.56430167,1162.6766,0.0001741682,3.5139487,0.30497923,0.09308622,-1.013367,0.4195695,0.0998144,1180.5167,-0.00041214877,4.5033956,129,0.17754507
323,4.0970125,0.05844126,-1.232546,0.0742039,0.5643176,1162.6827,0.00017320874,3.514442,0.30460653,0.09277477,-1.0122558,0.42037946,0.09971559,1181.0167,-0.00041172173,4.500825,128,0.17610884
324,4.0973697,0.05853189,-1.2318838,0.072309315,0.56435364,1162.7867,0.00017486981,3.5143552,0.30609754,0.09297269,-1.0155281,0.41647068,0.1004229,1185.4167,-0.0004118866,4.504575,127,0.17472982
325,4.099708,0.059777323,-1.2417053,0.06354286,0.56945026,1173.2906,0.00017144653,3.538588,0.3060307,0.09287081,-1.0137429,0.41807476,0.100366674,1184.7167,-0.00041133765,4.5052743,126,0.17337656
326,4.1007347,0.059802115,-1.2451084,0.059686907,0.5663503,1166.8887,0.0001713283,3.5390425,0.30591872,0.09280933,-1.0123767,0.41891694,0.10055077,1189.2167,-0.00041225294,4.5066867,125,0.17261028
327,4.098313,0.058527574,-1.2323292,0.07052829,0.56359774,1161.1687,0.0001724487,3.51517,0.30691978,0.09294549,-1.0150911,0.41662037,0.100895815,1189.5127,-0.00040924872,4.507333,124,0.17070007
328,4.0946484,0.058318928,-1.230258,0.07562901,0.56365377,1161.2667,0.00017768392,3.5147069,0.3062075,0.09325042,-1.0130417,0.41920555,0.101224616,1193.7167,-0.00040885672,4.5125937,123,0.169693
329,4.098926,0.05862146,-1.2325251,0.06935464,0.5638509,1161.6847,0.00017506896,3.5150063,0.3060749,0.09335217,-1.0121588,0.4207448,0.10113002,1192.7167,-0.00040930006,4.510815,122,0.16809082
330,4.094805,0.058321286,-1.2302461,0.0753524,0.56361073,1161.1947,0.00017799431,3.514667,0.30614457,0.09344245,-1.0112578,0.4212749,0.10121205,1193.9167,-0.0004106525,4.512333,121,0.16723013
331,4.099176,0.061030336,-1.2457042,0.06288485,0.5779727,1190.8068,0.00017431857,3.5620592,0.3062453,0.09310708,-1.0117793,0.4200262,0.10133583,1195.7188,-0.00040862645,4.5139623,120,0.16553497
332,4.0972624,0.059774764,-1.2330239,0.07215993,0.57684153,1188.4907,0.00017400824,3.5391028,0.30615982,0.093056194,-1.0115913,0.4205545,0.101247795,1194.5167,-0.0004090914,4.5124373,119,0.16390276
333,4.095681,0.058409214,-1.2320757,0.073899984,0.56361055,1161.2367,0.00017690494,3.5147789,0.30648154,0.093045495,-1.0131547,0.4191793,0.101611584,1199.7167,-0.00040694568,4.5144567,118,0.16284418
334,4.098082,0.05980872,-1.2366191,0.06869894,0.5744512,1183.5807,0.00017354578,3.5383015,0.30650872,0.09296298,-1.0120637,0.4198962,0.1015076,1197.4187,-0.00040749265,4.5143223,117,0.16147947
335,4.0965858,0.05847011,-1.232475,0.071622126,0.5640469,1162.1387,0.00017503598,3.515152,0.3057633,0.0930682,-1.0079137,0.42299944,0.10191115,1203.4187,-0.00040701748,4.5205603,116,0.16014004
336,4.098568,0.059858773,-1.238015,0.06765208,0.57275504,1180.0887,0.00017324487,3.538779,0.30574054,0.093138635,-1.0103197,0.42095044,0.10188929,1203.1188,-0.0004066047,4.521305,115,0.15873003
337,4.096168,0.0584647,-1.2310379,0.07325001,0.563844,1161.7386,0.00017729867,3.5144262,0.30646336,0.09292501,-1.0138172,0.4179014,0.1015127,1197.8187,-0.00040689495,4.5149083,114,0.15721655
338,4.0965643,0.058464248,-1.2306504,0.07392616,0.5639534,1161.9607,0.00017489477,3.5149794,0.30590752,0.09328506,-1.0118456,0.42115423,0.101852514,1201.2188,-0.00040578365,4.522284,113,0.15590334
339,4.0970435,0.058490064,-1.2318846,0.071750835,0.56386703,1161.7987,0.00017641534,3.5153308,0.3054851,0.093208164,-1.0122842,0.4220442,0.101740226,1201.8207,-0.0004057139,4.519881,112,0.1543765
340,4.09933,0.05977028,-1.2398593,0.06592773,0.56977427,1173.9727,0.0001733699,3.5391173,0.30553392,0.093008295,-1.0093334,0.4238586,0.101981774,1206.4187,-0.0004059413,4.5203876,111,0.15297794
341,4.0974464,0.058481883,-1.2301555,0.07239731,0.5632533,1160.5466,0.00017572149,3.5152197,0.30535907,0.09294163,-1.0087347,0.42416576,0.10170224,1201.9208,-0.00040625158,4.518966,110,0.15134716
342,4.100188,0.05989602,-1.2448604,0.05989286,0.56771016,1169.7167,0.00017344544,3.5389006,0.3058996,0.092792034,-1.010283,0.421673,0.10202684,1204.8168,-0.0004056145,4.5214553,109,0.15008259
343,4.09811,0.058594275,-1.2320881,0.070922,0.5635196,1161.0707,0.00017548235,3.514554,0.3053787,0.09260964,-1.0078253,0.42407608,0.10189143,1205.6167,-0.00040760238,4.5204353,108,0.14828491
344,4.100108,0.05993175,-1.2431129,0.062139492,0.5675143,1169.3066,0.00017373056,3.5389273,0.3057068,0.09253569,-1.0089825,0.42248392,0.10216015,1208.8207,-0.00040388032,4.522221,107,0.14698505
345,4.095719,0.058382258,-1.2308712,0.074700885,0.56334114,1160.7067,0.00017867035,3.5147948,0.3054285,0.09307964,-1.0064546,0.4262225,0.103391714,1221.3168,-0.0004022463,4.535831,106,0.14577627
346,4.0953646,0.058471523,-1.2305536,0.07551014,0.5633577,1160.7188,0.00017824135,3.5149264,0.3047647,0.092765585,-1.0039893,0.42724878,0.103294514,1223.9167,-0.00040156482,4.5368295,105,0.14426708
347,4.095955,0.058459,-1.2305827,0.0717242,0.56279534,1159.5627,0.00017867124,3.515398,0.30544892,0.09300633,-1.0060086,0.42575455,0.10356608,1224.7147,-0.00040157064,4.537618,104,0.14253473
348,4.09792,0.05988678,-1.2349703,0.06845744,0.5734013,1181.3488,0.00017531456,3.539525,0.30567628,0.09301433,-1.0078285,0.4242259,0.10349558,1221.7147,-0.0004019702,4.5352707,103,0.14058018
349,4.095587,0.05832933,-1.228562,0.07389177,0.5618237,1157.5027,0.00017898782,3.5145857,0.30601263,0.0930709,-1.0083737,0.42376104,0.10381682,1225.9167,-0.0004011761,4.536579,102,0.13953876
350,4.096018,0.058537643,-1.2313482,0.07228392,0.5631611,1160.2727,0.00017886105,3.5151165,0.3061447,0.0930195,-1.0076889,0.42407677,0.10372894,1223.2147,-0.00040175364,4.536432,101,0.13778353
351,4.0984125,0.05993155,-1.2376171,0.06679163,0.57190585,1178.2548,0.00017536875,3.538707,0.30638003,0.09301868,-1.0085627,0.42314485,0.10405087,1228.1167,-0.00040093483,4.5385,100,0.13643694
352,4.097112,0.059877377,-1.233504,0.071153834,0.5760653,1186.7927,0.00017652055,3.5390077,0.30566356,0.09329687,-1.0044125,0.42798343,0.10459892,1237.0167,-0.00040088207,4.544653,99,0.13573122
353,4.099177,0.059832104,-1.2382399,0.064865075,0.5693075,1172.9327,0.00017502822,3.5390978,0.30508325,0.09303559,-1.0034561,0.42836308,0.10409206,1230.7167,-0.00040000468,4.5439687,98,0.13377857
354,4.096855,0.05856147,-1.231081,0.07144198,0.5629223,1159.7787,0.00017798519,3.515104,0.30549735,0.09294158,-1.0042541,0.42775056,0.104239374,1230.8168,-0.00039918916,4.544451,97,0.13218784
355,4.096536,0.058410563,-1.2284131,0.072610825,0.56194943,1157.8147,0.00017903876,3.515586,0.30519456,0.092738934,-1.0033861,0.4275742,0.10431255,1234.4167,-0.00039902408,4.5438056,96,0.13116455
356,4.099529,0.05987284,-1.2395314,0.061922796,0.56795675,1170.1807,0.0001751622,3.5396185,0.3057215,0.09279289,-1.004422,0.42596272,0.104597,1236.5187,-0.00039896992,4.5456142,95,0.12953377
357,4.097529,0.05862346,-1.2308191,0.07101628,0.5630876,1160.1866,0.00017659034,3.515402,0.30543017,0.092732675,-1.0057845,0.42440134,0.104497515,1236.5148,-0.00039763688,4.5456624,94,0.12837267
358,4.0980353,0.05848179,-1.2291205,0.07004706,0.5616771,1157.2787,0.00017710128,3.5154266,0.30597284,0.09275601,-1.0069476,0.42350984,0.10444776,1231.7147,-0.00039802463,4.5459256,93,0.12605906
359,4.098146,0.058582585,-1.2306525,0.06983711,0.56269723,1159.3987,0.000176772,3.5146916,0.3055189,0.0927327,-1.007898,0.42404968,0.10447888,1235.5187,-0.0003969902,4.544874,92,0.12542915
360,4.098355,0.05859856,-1.2299621,0.06974821,0.56229466,1158.5826,0.00017711474,3.515728,0.30591762,0.092717566,-1.0085982,0.42399305,0.104822755,1239.7147,-0.0003968352,4.5465646,91,0.12398863
361,4.0985904,0.05856333,-1.2296795,0.06949061,0.5616292,1157.1866,0.00017751621,3.5155823,0.3047185,0.09298614,-1.0021608,0.43003967,0.104940034,1243.3147,-0.00039801438,4.551064,90,0.12269068
362,4.10086,0.059852228,-1.2437445,0.057452086,0.56359863,1161.2507,0.00017514832,3.5403821,0.30480024,0.092787325,-1.0021399,0.4293031,0.10505787,1245.1167,-0.0003969365,4.5532894,89,0.12144709
363,4.0967565,0.05720721,-1.2310416,0.068639666,0.54783744,1128.7767,0.00018118999,3.4905224,0.30483392,0.092768215,-1.0012968,0.4301441,0.104839064,1240.4167,-0.00039651344,4.5519905,88,0.11961174
364,4.0972795,0.05988536,-1.2332481,0.07007386,0.57500434,1184.7567,0.00017720212,3.5390968,0.30478978,0.092543125,-1.0002686,0.43041605,0.104858376,1241.1167,-0.00039619437,4.5518565,87,0.1180706
365,4.0970745,0.059881773,-1.2320528,0.0706761,0.5755272,1185.8228,0.00017748967,3.5393293,0.30477744,0.09233948,-1.0023112,0.4289849,0.10519844,1248.1128,-0.00039553602,4.5529428,86,0.11704779
366,4.097591,0.059831537,-1.2330699,0.06895485,0.57355964,1181.7548,0.00017729716,3.5392473,0.30439198,0.09244244,-1.0006825,0.4307433,0.10553183,1250.4167,-0.0003938023,4.5586004,85,0.11565113
367,4.0957017,0.05845618,-1.2296667,0.0717407,0.56165344,1157.2347,0.00018062138,3.515293,0.30467612,0.09246297,-0.9999583,0.43171188,0.10574339,1252.7168,-0.00039338102,4.5592113,84,0.11444807
368,4.0955353,0.05848194,-1.2293186,0.07089614,0.5618351,1157.6007,0.00018087304,3.5162706,0.30457267,0.0923686,-0.9991848,0.43137294,0.10597803,1258.2168,-0.00039343676,4.560908,83,0.113438606
369,4.0980525,0.059976496,-1.2367132,0.06521901,0.5723766,1179.3167,0.00017721535,3.5396478,0.3044688,0.092218705,-0.99816245,0.43216175,0.105957076,1258.5167,-0.00039292302,4.561087,82,0.11183691
370,4.0984855,0.059851788,-1.2362059,0.06513189,0.5705265,1175.4727,0.00017742821,3.539663,0.30452853,0.092107646,-0.99959344,0.43088466,0.10582109,1255.3127,-0.00039235005,4.559948,81,0.11033058
371,4.0986056,0.0598738,-1.2374811,0.06420994,0.570017,1174.4247,0.0001774865,3.5394185,0.30399367,0.09233824,-0.99700093,0.4331982,0.106281735,1261.3147,-0.00039120569,4.567207,80,0.10899258
372,4.098772,0.05992355,-1.2379497,0.064787336,0.5696076,1173.5787,0.00017730497,3.539267,0.30437836,0.09233686,-0.99770147,0.4319732,0.10646031,1262.2147,-0.0003914857,4.566145,79,0.10744858
373,4.0962768,0.05843982,-1.2281706,0.070270695,0.5605273,1154.8727,0.00018131424,3.516543,0.30466592,0.092400245,-0.99920255,0.43101022,0.10668485,1264.7168,-0.00039086674,4.567738,78,0.10630989
374,4.096785,0.057272095,-1.2311941,0.06802662,0.54776895,1128.6527,0.00018340904,3.491187,0.30573308,0.092536055,-1.0049597,0.42548206,0.10621165,1254.7188,-0.00039047055,4.560872,77,0.104897976
375,4.0998187,0.059915993,-1.2408537,0.06004211,0.5659131,1166.0387,0.00017773302,3.5396087,0.305327,0.092427455,-0.9996289,0.43096203,0.10692685,1264.9167,-0.00038924496,4.5677667,76,0.10309315
376,4.0985994,0.058721177,-1.231406,0.06725188,0.5616091,1157.1627,0.000178122,3.5153742,0.30439335,0.09265558,-0.9957971,0.43440032,0.1073396,1272.8148,-0.00038840386,4.574609,75,0.102250576
377,4.100775,0.059984017,-1.2444394,0.057109814,0.5630801,1160.1907,0.00017664503,3.540208,0.305107,0.09224087,-0.9974191,0.43251917,0.10707146,1269.4148,-0.00039063365,4.5689783,74,0.10052633
378,4.0990434,0.059876274,-1.2371516,0.06346325,0.56826776,1170.8507,0.00017751007,3.5402114,0.3053109,0.09221463,-0.9982519,0.4315161,0.10709438,1268.4127,-0.00038871536,4.568843,73,0.099126816
379,4.098805,0.058629747,-1.2295126,0.06922256,0.5606487,1155.1687,0.00017841617,3.5159113,0.30473572,0.092451625,-0.9965016,0.434222,0.10770207,1277.7147,-0.0003879912,4.576297,72,0.09777784
380,4.099161,0.058715265,-1.2325597,0.06522076,0.56048363,1154.8347,0.00017941088,3.5155957,0.30382705,0.09267248,-0.99316055,0.43776372,0.107922845,1281.6168,-0.0003874204,4.58039,71,0.09659958
381,4.1011815,0.05995216,-1.2438747,0.05517217,0.5609684,1155.8226,0.00017646326,3.5397148,0.30427366,0.092715435,-0.99371034,0.4377641,0.10812604,1282.5208,-0.00038746736,4.580632,70,0.09518671
382,4.095065,0.058497023,-1.2303209,0.07064046,0.5611884,1156.2847,0.00018267264,3.515702,0.304902,0.09229885,-0.99672097,0.43513918,0.10782087,1278.9167,-0.00038703653,4.5765395,69,0.09379959
383,4.095162,0.05852851,-1.2296108,0.07045209,0.56076187,1155.4187,0.00018301787,3.5161529,0.30458954,0.09242473,-0.9936752,0.43788314,0.108249635,1282.7188,-0.00038578032,4.581548,68,0.0922761
384,4.095458,0.058579933,-1.2302132,0.06997636,0.56139475,1156.7267,0.00018242032,3.5155416,0.30457386,0.09242978,-0.99257076,0.43708745,0.10852431,1288.4167,-0.00038660038,4.5835557,67,0.09159231
385,4.09537,0.058564156,-1.2307174,0.0687677,0.5609813,1155.8627,0.00018310497,3.5159976,0.30598083,0.09207526,-0.9971648,0.43220502,0.10824044,1279.6168,-0.0003858058,4.577252,66,0.089199066
386,4.0982127,0.059936967,-1.2350895,0.06476053,0.5704106,1175.2887,0.00017912428,3.540137,0.3048716,0.09239539,-0.996266,0.43362525,0.10862661,1288.3148,-0.00038534057,4.5840707,65,0.08913183
387,4.0982533,0.059939343,-1.2356349,0.063920856,0.5703837,1175.2067,0.00017920307,3.5398736,0.3037681,0.09255183,-0.9927809,0.43781245,0.10869305,1290.5148,-0.0003845143,4.5905085,64,0.0877409
388,4.0995846,0.060026377,-1.2398885,0.060642503,0.5661392,1166.4827,0.00017894848,3.5397344,0.3045525,0.09252002,-0.9941475,0.43739507,0.10923464,1295.8148,-0.0003834285,4.5900006,63,0.086624146
389,4.0961914,0.058473036,-1.2277619,0.07063289,0.5599734,1153.7507,0.00018301696,3.516222,0.30437323,0.092603296,-0.99298865,0.43675584,0.109031916,1293.0128,-0.00038477767,4.5894904,62,0.08493471
390,4.1001997,0.059991207,-1.2419835,0.056535084,0.5638902,1161.7507,0.00017795154,3.5399106,0.3045395,0.0926129,-0.99419796,0.4364036,0.10929834,1297.2147,-0.00038395004,4.591012,61,0.08415556
391,4.0973077,0.058567066,-1.2287254,0.06793804,0.5597978,1153.3027,0.00018138859,3.5161283,0.3052044,0.09274394,-0.99431413,0.43582267,0.10954208,1297.3168,-0.00038495712,4.590479,60,0.08268213
392,4.097591,0.05867567,-1.2305661,0.06723146,0.5606939,1155.1506,0.00018104979,3.5165179,0.30408794,0.09295878,-0.9913066,0.4396701,0.10973259,1302.2147,-0.0003838501,4.594541,59,0.08149862
393,4.0998273,0.059935257,-1.2399067,0.057811677,0.56469303,1163.3667,0.0001786068,3.5407965,0.30421028,0.09298546,-0.9920737,0.43872657,0.10974316,1301.5148,-0.0003838442,4.5958414,58,0.08017874
394,4.0978518,0.058644027,-1.2288756,0.06600508,0.5599592,1153.6527,0.00018087834,3.5163288,0.304335,0.092861265,-0.99161255,0.43879244,0.10983309,1302.4148,-0.00038342108,4.596648,57,0.07886267
395,4.097934,0.05968117,-1.229365,0.06864554,0.5708173,1176.1768,0.00017947194,3.539931,0.30434677,0.093002565,-0.9877647,0.44341606,0.10979253,1301.5367,-0.00038407967,4.59555,56,0.07782173
396,4.0957284,0.058601607,-1.2292261,0.06901685,0.56105953,1155.9587,0.00018267361,3.5158842,0.30386913,0.09256823,-0.99019057,0.4396106,0.10961712,1301.4308,-0.00038285757,4.5975275,55,0.0750618
397,4.0980496,0.05983015,-1.231862,0.06456315,0.569717,1173.8907,0.00018075189,3.540519,0.30389142,0.0922782,-0.98894256,0.4414854,0.10978719,1304.7328,-0.00038209007,4.596959,54,0.07225466
398,4.0964108,0.058666077,-1.2307318,0.06764887,0.5606804,1155.1747,0.00018277946,3.5162108,0.30426988,0.09238918,-0.9924436,0.4377327,0.11003779,1307.0348,-0.00038182174,4.5975637,53,0.07100153
399,4.098243,0.05997489,-1.2356224,0.063574135,0.5698727,1174.1067,0.00018005822,3.5394402,0.30305502,0.09195358,-0.98869604,0.44106457,0.10944639,1303.9348,-0.00038011972,4.5962453,52,0.07069254
400,4.099328,0.059996698,-1.2390063,0.057876848,0.56591254,1166.0507,0.00017982899,3.540733,0.30384308,0.09219256,-0.98602736,0.4413803,0.110633545,1315.1368,-0.00038022405,4.6051545,51,0.06903982
401,4.100077,0.060000338,-1.2401643,0.056044806,0.5634175,1160.8066,0.00017961545,3.5409808,0.3031506,0.09259664,-0.9868274,0.44299322,0.11104471,1321.5367,-0.00037928513,4.6105604,50,0.067800045
402,4.0977736,0.05875053,-1.2289549,0.06641302,0.5603754,1154.5206,0.00018133392,3.516518,0.30349827,0.09260731,-0.9866554,0.44369718,0.11111887,1320.4348,-0.00037918624,4.61164,49,0.06596279
403,4.0990353,0.060002822,-1.2375519,0.05986834,0.56656706,1167.2126,0.000180936,3.540708,0.3043448,0.09223715,-0.9897525,0.43952376,0.11092483,1317.3248,-0.00037948656,4.60548,48,0.0641551
404,4.0972214,0.058594175,-1.2276572,0.06751893,0.55949455,1152.6427,0.00018285695,3.5166469,0.30353096,0.092578866,-0.9866814,0.4435538,0.11123293,1322.5308,-0.00037993255,4.611333,47,0.063319206
405,4.0996685,0.059916608,-1.2383016,0.057582416,0.5645176,1163.0187,0.00017979616,3.5404308,0.30406168,0.09228007,-0.99011225,0.44000483,0.11087532,1318.4288,-0.00037941098,4.605215,46,0.061985493
406,4.0974355,0.058614556,-1.2284471,0.066988096,0.5592924,1152.2987,0.0001832114,3.516313,0.30380192,0.092929274,-0.9885564,0.44355753,0.11137103,1323.3348,-0.00037944052,4.6102743,45,0.06029558
407,4.100944,0.060006015,-1.2423792,0.054185115,0.56080455,1155.4167,0.00017947561,3.5412877,0.30407676,0.09290956,-0.9898071,0.44281647,0.11143783,1322.6368,-0.00037769182,4.6092863,44,0.05872631
408,4.100806,0.059995633,-1.2421048,0.054863486,0.5610682,1155.9327,0.00017884347,3.5408945,0.3042693,0.09259284,-0.98804855,0.44130048,0.111652635,1325.5348,-0.0003770888,4.613078,43,0.05740547
409,4.097904,0.06001052,-1.232936,0.06305258,0.5700369,1174.3846,0.00018172128,3.54126,0.30360734,0.09240757,-0.9808304,0.44547707,0.112085186,1332.1288,-0.0003776393,4.6206484,42,0.056290627
410,4.096398,0.057261102,-1.2289226,0.06589061,0.5454164,1123.6427,0.00018595243,3.4915252,0.30426508,0.09217402,-0.9869162,0.44107747,0.11166679,1325.8287,-0.00037776606,4.612094,41,0.05444479
411,4.095427,0.05854838,-1.2281467,0.06782881,0.55971426,1153.2307,0.00018483984,3.5167499,0.30391932,0.09220063,-0.99080366,0.43878388,0.111510575,1325.2247,-0.00037595473,4.6120963,40,0.05380869
412,4.1011386,0.05994011,-1.2415683,0.05268575,0.55952644,1152.9487,0.0001797725,3.5416977,0.30307028,0.09253198,-0.98587644,0.44415918,0.11187554,1331.9348,-0.00037675552,4.61601,39,0.05231476
413,4.096894,0.057331584,-1.2298235,0.0644022,0.545483,1123.9807,0.00018607447,3.4922836,0.30387855,0.09226145,-0.9914248,0.43784046,0.11151555,1325.6307,-0.00037643386,4.612519,38,0.050031185
414,4.0995193,0.058741868,-1.2309395,0.062159862,0.55763304,1148.9006,0.00018243813,3.5163524,0.3039487,0.09224675,-0.99026865,0.44046876,0.1114031,1322.8328,-0.00037689332,4.6108837,37,0.048448086
415,4.0969367,0.05738856,-1.2305874,0.06309106,0.5457101,1124.2966,0.00018611627,3.492155,0.30403465,0.09219437,-0.9881733,0.4408961,0.111592785,1326.0367,-0.00037692452,4.6125884,36,0.047504425
416,4.0951695,0.05855162,-1.2275686,0.068317324,0.5595479,1152.8527,0.000185637,3.5165985,0.30404946,0.0920092,-0.9862442,0.4426886,0.11157854,1325.6348,-0.00037682548,4.612016,35,0.04625702
417,4.0956383,0.058626305,-1.229101,0.0668446,0.5598894,1153.5767,0.00018490845,3.5169628,0.3035572,0.09176575,-0.98497206,0.44309962,0.11153059,1328.3328,-0.0003765579,4.61291,34,0.045410156
418,4.0962167,0.05856457,-1.2280631,0.06679716,0.5588131,1151.3707,0.00018497344,3.517399,0.3034139,0.09198069,-0.98352283,0.4449142,0.11235319,1339.0308,-0.00037519736,4.620182,33,0.044585705
419,4.0965486,0.058724925,-1.229379,0.066676915,0.5599122,1153.6007,0.00018475909,3.5165203,0.30286983,0.09180039,-0.98349243,0.4453523,0.11206858,1337.3368,-0.00037467113,4.619113,32,0.043076992
420,4.096313,0.058672305,-1.2297716,0.065888874,0.55964243,1153.1067,0.00018438789,3.5160694,0.30438375,0.092818566,-0.9788577,0.44892186,0.11357388,1349.4427,-0.0003761841,4.6266875,31,0.041459084
421,4.0990176,0.059992034,-1.2349963,0.060309842,0.5658527,1165.9247,0.00018109787,3.5412734,0.30415133,0.09280806,-0.9810912,0.44800046,0.11321736,1343.9308,-0.000375311,4.6263175,30,0.039714336
422,4.0990734,0.06005401,-1.2370888,0.058245327,0.56610125,1166.4366,0.00018154102,3.5407245,0.30340412,0.09167746,-0.9866716,0.44210362,0.11217469,1335.4327,-0.00037347613,4.6191306,29,0.03871584
423,4.09684,0.058591742,-1.2271268,0.06587873,0.5586688,1151.1007,0.00018441193,3.5174792,0.30268678,0.09181262,-0.9806267,0.44687006,0.11263919,1343.2268,-0.00037362968,4.6255145,28,0.03739786
424,4.097365,0.058768786,-1.2289871,0.065261975,0.5594233,1152.6246,0.00018380953,3.516605,0.30319935,0.091752134,-0.98190874,0.44557968,0.11315037,1349.7249,-0.00037294382,4.627295,27,0.03603649
425,4.0972476,0.058657832,-1.2288957,0.06502999,0.5587021,1151.2126,0.00018424331,3.516965,0.30374935,0.09206098,-0.9854498,0.4424904,0.11331686,1348.9288,-0.00037094022,4.627813,26,0.0354414
426,4.100719,0.06007214,-1.2413172,0.053280782,0.56045514,1154.8547,0.0001813343,3.5415158,0.30282742,0.092142716,-0.9793904,0.44780698,0.11349233,1352.4329,-0.00037277798,4.6317816,25,0.0338583
427,4.098461,0.058765665,-1.2294612,0.06331792,0.5585903,1151.0167,0.00018324832,3.5169144,0.3031576,0.09212673,-0.98347044,0.44519037,0.11377462,1355.6309,-0.00036934688,4.6332994,24,0.032422066
428,4.0967927,0.057271395,-1.2274889,0.06331878,0.5441676,1121.3026,0.00018721816,3.4922824,0.30424652,0.09180797,-0.986291,0.44195423,0.11354885,1349.8289,-0.00036961623,4.62883,23,0.030344963
429,4.098176,0.06005634,-1.2337234,0.059635572,0.56805605,1170.4507,0.00018238337,3.5414457,0.30439532,0.091761254,-0.985315,0.4422824,0.11346646,1347.0269,-0.00036976498,4.628004,22,0.028324604
430,4.097632,0.057497926,-1.2302519,0.061942644,0.54513884,1123.3147,0.00018657469,3.4923253,0.30336335,0.09211201,-0.98453397,0.44364962,0.11380836,1354.7288,-0.00036898276,4.6337795,21,0.028316021
431,4.0999527,0.05882731,-1.2336749,0.059045628,0.5551814,1143.9927,0.00018325927,3.5171838,0.3024519,0.092223085,-0.9785467,0.45046696,0.11409325,1360.4348,-0.0003695942,4.639605,20,0.027095795
432,4.0998955,0.058879625,-1.2336258,0.0602623,0.5551381,1143.8987,0.00018377797,3.5171027,0.30286625,0.09198829,-0.97945035,0.4496282,0.11436771,1362.8289,-0.00036786657,4.6380396,19,0.025380135
433,4.0976825,0.060046185,-1.231845,0.061784536,0.5691286,1172.7347,0.00018376655,3.5408757,0.30297494,0.09201187,-0.9795223,0.44920573,0.11471301,1369.0288,-0.0003685629,4.6410394,18,0.024730682
434,4.0980616,0.060038026,-1.2326959,0.06017577,0.5680144,1170.4427,0.0001830459,3.5414011,0.3030102,0.09209082,-0.97885853,0.44959876,0.11448138,1364.0348,-0.00036833162,4.6394143,17,0.023354053
435,4.0956306,0.05858876,-1.2262552,0.066425346,0.558156,1150.0986,0.00018681384,3.5171127,0.30201674,0.09213456,-0.97452533,0.45353022,0.11476691,1370.4348,-0.00036797038,4.646663,16,0.02238226
436,4.0961285,0.05869108,-1.2280461,0.064996086,0.5586906,1151.1707,0.00018629288,3.516715,0.30364922,0.09205976,-0.9811603,0.4461495,0.114993975,1369.5248,-0.00036826337,4.642571,15,0.022386074
437,4.0958753,0.058656275,-1.2272449,0.066291526,0.55856633,1150.9027,0.00018680432,3.517449,0.30375004,0.09187146,-0.98225576,0.44523627,0.11502905,1369.4268,-0.00036665588,4.642387,14,0.019657612
438,4.096183,0.05869573,-1.2277223,0.06520012,0.55853885,1150.8247,0.00018667556,3.5172203,0.3038834,0.09190309,-0.9823416,0.445498,0.115074895,1369.3308,-0.00036707602,4.642288,13,0.017708778
439,4.1000433,0.060107242,-1.2404747,0.05307809,0.5617719,1157.3987,0.00018345904,3.541355,0.3031327,0.09216982,-0.98036,0.44804743,0.11523674,1371.3248,-0.00036640375,4.646681,12,0.016198635
440,4.099348,0.060157176,-1.2387388,0.05542973,0.56401867,1162.0087,0.00018220235,3.5411224,0.3041365,0.09178668,-0.9822655,0.44454852,0.11495482,1364.9288,-0.00036625122,4.641407,11,0.0140480995
441,4.0998425,0.06009731,-1.2390162,0.05305028,0.5621883,1158.2467,0.00018421523,3.5417986,0.30380863,0.09198271,-0.9831943,0.4441962,0.115683146,1375.1288,-0.00036487487,4.6484027,10,0.013402939
442,4.096976,0.058639903,-1.2255594,0.06482871,0.5575043,1148.5466,0.00018606873,3.5178738,0.30332306,0.09172552,-0.97823834,0.44883132,0.115714915,1379.5448,-0.0003651219,4.6493454,9,0.013382435
443,4.096747,0.057431303,-1.228683,0.06255331,0.54431516,1121.3846,0.00018898347,3.4925525,0.30246794,0.09211094,-0.97414386,0.45315686,0.11588088,1382.5309,-0.00036593855,4.652552,8,0.011469841
444,4.097574,0.05874029,-1.2262237,0.06464012,0.5577501,1149.0986,0.00018544134,3.5176785,0.3036199,0.09194973,-0.9840499,0.44653025,0.115822725,1379.4329,-0.0003644323,4.648456,7,0.01005125
445,4.098745,0.060026187,-1.2362528,0.059099346,0.56613994,1166.4407,0.00018451975,3.5407274,0.3030321,0.092303745,-0.97513956,0.4521872,0.11696902,1393.1268,-0.0003629845,4.660393,6,0.009832382
446,4.100245,0.05889158,-1.2345165,0.054386586,0.55335146,1140.0626,0.00018508955,3.5174284,0.3032062,0.0919868,-0.97828573,0.45012715,0.11649022,1389.1288,-0.000363746,4.656098,5,0.007592678
447,4.095597,0.058683734,-1.2261071,0.065485135,0.55816615,1150.0347,0.00018753351,3.5175364,0.30272487,0.09187761,-0.9776099,0.4494188,0.1159223,1381.3328,-0.00036401462,4.652779,4,0.006043911
448,4.098308,0.060142454,-1.2345526,0.05681499,0.5665801,1167.3187,0.0001846862,3.5416055,0.30284813,0.09176214,-0.9780861,0.4486847,0.116182275,1385.6368,-0.00036297893,4.6549983,3,0.0038104057
449,4.0969386,0.057324678,-1.2253656,0.062392026,0.5429906,1118.6986,0.00018841558,3.4936514,0.3021976,0.091868214,-0.97387934,0.45320556,0.11665644,1393.3268,-0.0003631389,4.660811,2,0.0024514198
450,4.0994134,0.058863245,-1.2300167,0.059101645,0.55594295,1145.4347,0.00018551204,3.5179267,0.30432254,0.09232971,-0.97442496,0.4531016,0.11682008,1387.1368,-0.00036478642,4.6545606,1,0.0
